:020000040800F2
:10000000C021002055020008A32200089B220008FE
:100010009F220008D10F0008ED2600080000000014
:10002000000000000000000000000000A7220008FF
:10003000D50F000800000000A5220008A922000832
:1000400079020008790200087902000879020008A4
:100050007902000879020008790200087902000894
:100060007902000879020008790200087902000884
:100070007902000879020008790200087902000874
:100080007902000879020008790200087902000864
:100090007902000879020008790200087902000854
:1000A0007902000879020008790200087902000844
:1000B0007902000879020008790200087902000834
:1000C0007902000879020008790200087902000824
:1000D00079020008DD26000879020008790200088C
:1000E0007902000879020008790200087902000804
:1000F00079020008790200087902000879020008F4
:1001000079020008790200087902000879020008E3
:1001100079020008790200087902000879020008D3
:1001200079020008790200087902000879020008C3
:1001300079020008790200087902000879020008B3
:1001400079020008790200087902000879020008A3
:100150007902000879020008790200087902000893
:100160007902000879020008790200087902000883
:1001700079020008790200087902000800000000F6
:10018000790200087902000800F002F800F053F844
:100190000AA090E8000C82448344AAF10107DA45E2
:1001A00001D100F048F8AFF2090EBAE80F0013F0E1
:1001B000010F18BFFB1A43F001031847689C0000A9
:1001C000889C0000103A24BF78C878C1FAD852073A
:1001D00024BF30C830C144BF04680C6070470000C1
:1001E0000023002400250026103A28BF78C1FBD840
:1001F000520728BF30C148BF0B607047752900F017
:100200004581782900F07E81632900F004847329F8
:1002100000F00984002070471FB506F0F9FD00F0DA
:1002200093FE04000020002106F09EFC401C60604C
:100230001FBD10B510BD00F04BFE1146FFF7ECFFDF
:1002400006F090F900F072FE03B4FFF7F2FF03BC72
:1002500002F06AFA0C48016841F4700101600B4831
:1002600080470B480047FEE7FEE7FEE7FEE7FEE7B4
:10027000FEE7FEE7FEE7FEE7FEE700000548064969
:10028000044A064B7047000088ED00E0B1220008E8
:1002900089010008C01D0020C0210020C01D0020D1
:1002A000704753EA020C00F069802DE9F04B4FF0E3
:1002B0000006002B1FBFB3FA83F503FA05F424FAF6
:1002C00005F65E4012BF1643B2FA82F502FA05F453
:1002D000C5F120051EBF22FA05FC44EA0C042035B6
:1002E00056EA044C4FEA144418BF641C4FF000084F
:1002F0004FF00009904271EB030C39D3002919BF6C
:10030000B1FA81F701FA07F6B0FA80F700FA07F6BA
:10031000C7F120071EBF20FA07FC46EA0C0620376B
:10032000B6FBF4FCA7EB0507103F07F01F0BCBF162
:1003300020060CFA0BFB2CFA06F644BFB346002647
:10034000202FA4BF5E464FF0000B5BEA060C08BFEF
:100350004FF0010B19EB0B09ABFB027C48EB0608D5
:10036000C01B06FB02CC0BFB03CC71EB0C01C1E7FD
:100370000B46024641464846BDE8F08B13B54FF0A8
:1003800000004FF00001AFF30080BDE81C40704753
:100390000FB4044910B503AA029800F049FB10BC41
:1003A0005DF814FB100000200FB41CB5074B06AA23
:1003B0007B4469460090059800F00BFB00206946DD
:1003C00000F01AFB1CBC5DF814FB000045060000A1
:1003D0002DE9F0410E460446002020622046E168E7
:1003E000884730B3252805D0D4E901219047206AF9
:1003F000401CF2E7E168204600278847050018D036
:10040000A5F14100192802D820354FF40067324683
:10041000294620462760FFF7F1FE40B1012804D0AD
:10042000F61D26F007060836D8E7361DD6E728461B
:10043000DAE7206ABDE8F08170B50C460546012A6E
:1004400005D02878800600D5EA69002302E0012360
:1004500005E05B1C934202D2E05C0028F9D1A86958
:10046000E618C01AA861286A184428622846AFF323
:10047000008004E0D5E9012114F8010B9047B44253
:10048000F8D32846AFF3008070BD00002DE9F0419D
:100490000646002410687529314616A510D0AFF322
:1004A0000080002802DA404213A507E031688A077D
:1004B00001D512A502E0490704D511A5012401E0E8
:1004C000AFF3008000210A2206F1240709E0B0FB07
:1004D000F2FCB0FBF2F302FB1C00303078541846FB
:1004E000491C0028F3D123462A463046BDE8F04196
:1004F00000F010BA000000002D0000002B000000EA
:100500002000000070B504460D4621461068AFF388
:1005100000802188090502D50F4A7A4402E00E4A7C
:100520007A440E32002104F1240305E000F00F06A6
:100530000009965D5E54491C0028F7D120780023FD
:10054000000704D5702D02D009B1022311322046D4
:10055000BDE8704000F0DEB9AE9800000FB400B501
:100560008DB010A9099000910B904FF0FF300A90C8
:1005700000200C90064878440690064878446A4665
:1005800007900F9909A800F079FA0DB05DF814FBF7
:10059000230500003B0500002DE9FF5F1D464FF0DD
:1005A000FF3B91464FF000085F46D5E90146A96937
:1005B00001987F1C8847296A824688470028F6D11F
:1005C000BAF1FF3F0CD0002E24F4C06419DD6006A0
:1005D00014D5BAF12B0F09D0BAF12D0F0ED103E0CB
:1005E000584604B0BDE8F09F44F48064A9690198BE
:1005F0007F1C8847761E8246002E02DDBAF1300F3E
:1006000003D0B9F1000F26D032E0A969761E019817
:100610007F1C44F400748847002E824605DDBAF141
:10062000780F06D0BAF1580F03D0B9F1000F10D0EF
:100630001EE0B9F1000F02D0B9F1100F18D1A9696D
:10064000761E01987F1C24F400748847824610208F
:1006500002E0082000E00A20814609E0A96908FBC1
:100660000908761E01987F1C44F40074884782466E
:10067000002E05DD4946504600F0ECF90028EDDA81
:10068000E96901988847A00502D46FF00100A8E746
:10069000E00725D1600613D5600502D5C8F100003A
:1006A00000E0404629680A1D2A600968220501D534
:1006B000087015E0220701D5088011E008600FE0FE
:1006C0002868011D29600068210502D580F8008096
:1006D00006E0210702D5A0F8008001E0C0F8008004
:1006E00038467EE730B505460B462A4613F8014BDF
:1006F00012F8010B08B1A042F8D01CB1002802D0BA
:100700006D1CF1E7284630BD40EA010310B59B0798
:100710000FD1042A0DD310C808C9121F9C42F8D06B
:1007200020BA19BA884201D9012010BD4FF0FF301C
:1007300010BD1AB1D30703D0521C07E0002010BD32
:1007400010F8013B11F8014B1B1B07D110F8013BBE
:1007500011F8014B1B1B01D1921EF1D1184610BD9F
:1007600010B5431C02E010F8011B71B18107FAD1EA
:100770004FF0013202C88C1A8C4314EAC211F9D02E
:10078000C01A0A0603D0C01E10BDC01A10BD0A044C
:1007900001D0801E10BD0902FCD0401E10BD40EAF1
:1007A000010370B59B072ED14FF00136042A2AD3DE
:1007B00008C810C99D1B9D43121F15EAC61517D006
:1007C000D8B2E1B2401A50EA056110D198B2A1B294
:1007D000401A50EA05410AD123F07F4024F07F41BE
:1007E000401A50EA052102D1180EA0EB146070BD2A
:1007F000A342DBD018BA21BA884201D9012070BDCA
:100800004FF0FF3070BD0AB9002070BD10F8013BF9
:1008100011F8014B63B1A3420AD1521E08D010F85F
:10082000013B11F8014B1BB1A34201D1521EEDD186
:10083000181B70BD032A40F2308010F0030C00F04A
:10084000158011F8013BBCF1020F624498BF11F80A
:1008500001CB00F8013B38BF11F8013BA2F10402C3
:1008600098BF00F801CB38BF00F8013B11F003033B
:1008700000F03481083AC0F0088051F8043B083A8F
:1008800051F804CBA0E80810F5E7121D5CBF51F841
:10089000043B40F8043BAFF30080D20724BF11F8BB
:1008A000013B11F801CB48BF11F8012B24BF00F820
:1008B000013B00F801CB48BF00F8012B70474FF017
:1008C000000200B5134694469646203922BFA0E8A0
:1008D0000C50A0E80C50B1F12001BFF4F7AF0907AC
:1008E00028BFA0E80C5048BF0CC05DF804EB89009D
:1008F00028BF40F8042B08BF704748BF20F8022BE0
:1009000011F0804F18BF00F8012B704770477047F7
:10091000704770472DE9F0470D46994692460446C8
:1009200000F124080168880604D5E06921F010016F
:10093000216000E00120A84201DD471B00E0002704
:10094000A1697A1902EB0900081AA0612078C00693
:1009500002D42046AFF30080002608E0D4E901214C
:100960001AF806009047206A401C761C20624E450B
:10097000F4DB2078C0060AD52046AFF3008006E0FD
:10098000D4E9012130209047206A401C2062381EA3
:10099000A7F10107F4DC07E0D4E9012118F805000C
:1009A0009047206A401C2062281EA5F10105F3DC57
:1009B0002046AFF300802078000602D50220BDE873
:1009C000F0870120FBE7000001694A1C02610878FA
:1009D000704700B58FB0CDE901310021059105497F
:1009E0007944CDE9031011466846FFF7F1FC0FB0DA
:1009F00000BD0000E5FFFFFF0A6802F8010B0A6076
:100A0000704710B5436913B1AFF3008001E0FFF701
:100A100013FD012010BD127800F124010A7000229C
:100A20004A700122EDE711684FF0FF32E9E700005C
:100A3000074B70B50D467B44FFF7CBFF04462846B5
:100A400000F042FA10B14FF0FF3070BD204670BD8B
:100A5000231F00003A2800D2303820F02002412A1B
:100A600001D3A2F13700884201D34FF0FF30704725
:100A7000026811441378016018467047D160054937
:100A80007944516104497944116200211161114690
:100A900000F060B8EDFFFFFFB7000000426842B110
:100AA000016811F8013B23B1521EC0E9001218463B
:100AB00070470121C160881E704742685AB1C368FF
:100AC000016843B983688B4205D0491E521CC0E9B6
:100AD0000012002070474FF0FF30704710B5203AE9
:100AE000C0F00B80B1E81850203AA0E81850B1E8E7
:100AF0001850A0E81850BFF4F5AF5FEA027C24BF9D
:100B0000B1E81850A0E8185044BF18C918C0BDE893
:100B100010405FEA827C24BF51F8043B40F8043B5C
:100B200008BF7047D20728BF31F8023B48BF11F811
:100B3000012B28BF20F8023B48BF00F8012B70476B
:100B400010B5044600F0EAF90068005D00F001000D
:100B500010BD00002DE9F34F4FF0000A0C46564639
:100B60008DB001200C9001F10C000B9062690B9884
:100B700001219047051E2DD0252D2CD0216A8847B4
:100B8000C0B162690B9801219047216A884700280B
:100B9000F7D16269411E0B98904700E0761CA1696D
:100BA0000D988847216A88470028F7D1E1690D9898
:100BB0008847DBE7A1690D988847A842074601D11D
:100BC000761CD3E7E1690D9888477F1C02D1BAF102
:100BD000000F6FD06CE162690B9800273D463946E3
:100BE00090472A2804D162690B980121904701257A
:100BF000DFF8D08262690B9801219047A0F13001A3
:100C00000A290AD24745E5DC07EB870100EB4107DB
:100C1000303FDFD445F01005ECE7E90601D46FF072
:100C200000476C280AD04C2814D0682815D06A28B0
:100C30000DD074281CD07A281AD01DE062690B9858
:100C4000012190476C2802D045F0040514E045F0DE
:100C500002050DE045F020050AE062690B980121CC
:100C60009047682802D045F0080505E045F4006586
:100C700062690B9801219047C4E9015765283DD06E
:100C800019DC58287AD00CDC452837D004DC25281C
:100C900026D041289ED131E046282FD0472899D12F
:100CA0002CE05B2877D0612828D063287CD064288A
:100CB00023D15AE0F7E06F2848D008DC66281DD021
:100CC00067281BD0692821D06E2816D127E070280C
:100CD00045D0732868D0752847D078280DD14DE0CD
:100CE000A1690D988847252805463FF469AFE16959
:100CF0000D9888476D1C3FF46AAFD9E00D992346E3
:100D00006A466FF00100AFF30080C6E045F0400096
:100D100023464FF000026060A80736D43EE0E807A3
:100D20007FF447AF2068011D21600068290501D5C7
:100D300006701BE7290701D5068017E7A90703D529
:100D4000F117C0E9006111E706600FE745F04000C8
:100D500023464FF008026060A80716D41EE040F654
:100D60000E0125EA0100606016E045F040002346D0
:100D70004FF00A026060A80707D40FE045F040007A
:100D80006060A80708D5234610220D996FF0010076
:100D9000AFF3008081E007E0102223460D996FF049
:100DA0000100FFF7F9FB78E04FF0000963284F4698
:100DB000C8464B46CB4602D05B2807D039E02079A5
:100DC000C00601D40120A060012732E06269D4F896
:100DD0000CB00B98012190475E2807D14FF0010914
:100DE00049466269D4F80CB00B989047216939B92B
:100DF00000210A4603AB43F82120491C0829FADBED
:100E0000D8B3216949B308F1010862690B9801213F
:100E100090475D28F4D1B9F1000F09D0002003A953
:100E200051F82020D24341F82020401C0828F7DB4D
:100E300003AB2069002820794FEA40701ED05B4642
:100E40002246CDF80080CDE901970D9900286FF07A
:100E5000010020DAAFF300801FE0C11703AA00EB06
:100E6000D1614B1121F01F0102EB8302411A13687B
:100E70000120884003431360C7E719E00D9922461B
:100E800000286FF00100009702DAAFF3008004E061
:100E9000AFF3008001E0AFF3008000280ADA401CC5
:100EA00006D10C9820B14FF0FF300FB0BDE8F08FA5
:100EB0005046FAE7E90701D10AF1010A0644002089
:100EC0000C9053E6CCCCCC0C007B00F0800070473B
:100ED000754600F035F8AE4605006946534620F0E9
:100EE0000700854618B020B5FFF7C8F9BDE82040D7
:100EF0004FF000064FF000074FF000084FF0000BD6
:100F000021F00701AC46ACE8C009ACE8C009ACE888
:100F1000C009ACE8C0098D467047000010B500F06C
:100F200013F8001D10BD00BF415C000010B5044661
:100F3000AFF300802046BDE81040FFF785B9000000
:100F4000004870475C1D0020004870477C1D002051
:100F50004FF0013C50F8042B51F8043B9A4221D148
:100F6000A2EB0C03934313EACC1317D150F8042BD4
:100F700051F8043B9A4215D1A2EB0C03934313EAB8
:100F8000CC130BD150F8042B51F8043B9A4209D1F1
:100F9000A2EB0C03934313EACC13DBD04FF0000019
:100FA000704700BFD01A01BAB1FA81F101F01801FF
:100FB00022FA01F0CB40C1F12001DBB2C0B2C01A6D
:100FC0002CFA01F3D11A914311EAC311E6D170470B
:100FD00000BFFEE77047000070B504461D460023C1
:100FE000B5F5804F13D154F822300C480340D1E9B5
:100FF000000640EA06108E6840EA06208E8940EA24
:1010000006408E693043034344F8223003E06FF01A
:10101000704044F82200002070BD00000000F0CFB6
:1010200010B503460022086853F8202012480240F9
:10103000D1E901042043CC6820430C6920434C696A
:1010400020438C692043CC6920430C6A20434C6ABE
:1010500020438C6A2043CC6A2043CC6B20430C6B2A
:10106000204302438868082801D142F04002086802
:1010700043F82020002010BD8000F0FF30B503466B
:101080000024501C53F8204004F04044D1E90005EE
:1010900040EA05108D6840EA05208D8940EA054543
:1010A000088A401E45EA0055087D801E45EA00601A
:1010B0008D6928430443501C43F82040002030BD74
:1010C00070B50446A56D00F07BF9064694F835002E
:1010D000022808D08020606500BF002084F834001A
:1010E00000BF012070BD2068006820F01600216854
:1010F00008602068406920F0800021684861206C09
:1011000008B9A06C28B12068006820F008002168A8
:1011100008602068006820F00100216808600FE086
:1011200000F04EF9801B05280AD92020606500BF19
:10113000002084F8340000BF032084F83500D1E794
:101140002068006800F001000028E9D194F85C10E4
:101150003F208840A86000BF002084F8340000BF12
:10116000012084F835000020BCE7014691F83500E5
:10117000022803D08020486501207047052081F8AF
:1011800035000868006820F001000A68106000203F
:10119000F3E70000F8B502460B46002500240020C6
:1011A0000021DEE0012606FA01F51E6806EA0504C4
:1011B000AC4275D11E7906F00306012E04D01E79CB
:1011C00006F00306022E13D190684F000326BE409E
:1011D000B0434F00DE68BE40304390605068012647
:1011E0008E40B0431E79C6F300168E4030435060E7
:1011F0001E7906F00306032E09D0D0684F0003269F
:10120000BE40B0434F009E68BE403043D0601E7960
:1012100006F00306022E13D1CF0802F1200656F87D
:1012200027004E07F70E0F26BE40B0434F07FF0EB4
:101230001E69BE403043CF0802F1200646F8270061
:1012400010684F000326BE40B0431E7906F0030627
:101250004F00BE40304310605E6806F08056B6F125
:10126000805F7DD100BF00260096404E366846F470
:1012700080463E4F3E603E46366806F48046009605
:1012800000BF00BF3A4E8F0856F827008E07370F71
:101290000F26BE40B043374EB24202D1002624E0B2
:1012A0005EE0354EB24201D101261EE0334EB2421D
:1012B00001D1022619E0324EB24201D1032614E0D8
:1012C000304EB24201D104260FE02F4EB24201D17E
:1012D00005260AE02D4EB24201D1062605E02C4E2D
:1012E000B24201D1072600E008268F073F0FBE401B
:1012F00030431F4E8F0846F82700264E3068A04323
:101300005E6806F48036B6F5803F00D12043214E5A
:101310003060361D3068A0435E6806F40036B6F5CE
:10132000003F00D120431B4E361D3060361D306813
:10133000A0435E6806F48016B6F5801F00D12043F6
:10134000144E08363060361D3068A0435E6806F4DF
:101350000016B6F5001F00D120430E4E0C3630604B
:10136000491C1029FFF41EAFF8BD000044380240AC
:10137000083801400000024000040240000802401A
:10138000000C02400010024000140240001802400D
:10139000001C0240003C0140024613690B400BB1A7
:1013A000012000E0002070470AB1816101E00B04D8
:1013B0008361704701480068000C7047002004E01A
:1013C00001480068704700001C00002003480068C6
:1013D0000349097808440149086070471C0000204F
:1013E0002400002010B50A48006840F40070084945
:1013F00008600846006840F480600860052000F03E
:101400007FF80F2000F006F800F02AF8002010BD49
:10141000003C024070B504460E4800784FF47A71E3
:10142000B1FBF0F00C490968B1FBF0F5284600F07B
:1014300087FC08B1012070BD102C07D20022214684
:10144000501E00F01EF80548046001E00120F2E79C
:101450000020F0E7240000200800002020000020E9
:10146000704701460846002809DB00F01F030122EF
:101470009A4043099B0003F1E023C3F8002100BF19
:1014800070472DE9F05F80460D461646002701F0B3
:101490002FF9074639462A46334601F00700C0F1C6
:1014A000070ABAF1040F02D94FF0040A01E0C0F1B3
:1014B000070AD14600F1040ABAF1070F02D24FF031
:1014C000000A01E0A0F1030AD4464FF0010A0AFA2B
:1014D00009FAAAF1010A0AEA020A0AFA0CFA4FF01A
:1014E000010B0BFA0CFBABF1010B0BEA030B4AEA05
:1014F0000B042146404601F003F9BDE8F09F0000CF
:1015000000BF00F00702064B19684FF6FF031940B1
:10151000044B0B4343EA0221014B196000BF7047A3
:101520000CED00E00000FA0570B504460D460CB95C
:10153000012070BD5848006800F00700A84209D299
:1015400055490D700846006800F00700A84201D018
:101550000120EEE7207800F0020002281DD120785B
:1015600000F00400042805D14C48006840F4E05025
:101570004A490860207800F00800082805D147484B
:10158000006840F46040454908604448006820F025
:10159000F000A168084341490860207800F001008C
:1015A000A8B36068012807D13C4808380068C0F338
:1015B0004040B8B90120BCE76068022802D06068EA
:1015C000032807D1354808380068C0F3406048B99F
:1015D0000120AEE7314808380068C0F3400008B980
:1015E0000120A6E72D48006820F003006168084349
:1015F0002A490860FFF7E4FE064609E0FFF7E0FE2F
:10160000801B41F28831884202D9032091E707E02C
:101610002248006800F00C006168B0EB810FEDD14A
:101620001D48006800F00700A84209D91A490D704A
:101630000846006800F00700A84201D0012078E7C2
:10164000207800F00400042807D11448006820F432
:10165000E050E168084311490860207800F0080074
:10166000082808D10D48006820F46040216940EA4C
:10167000C1000A49086000F03FF808490968C1F351
:101680000311074A515CC8400649086006480068D3
:10169000FFF7C0FE00204CE7003C02400838024043
:1016A000346E000808000020200000200148006877
:1016B000704700000800002000B5FFF7F7FF04495D
:1016C0000968C1F38221034A515CC84000BD000093
:1016D00008380240446E000800B5FFF7E7FF0449F0
:1016E0000968C1F34231034A515CC84000BD0000A3
:1016F00008380240446E00082DE9F0470024002518
:101700000026A1462548006800F00C0020B10428FE
:1017100005D008283AD105E0DFF8849039E0DFF8F9
:10172000849036E01D48001F006800F03F041B480D
:10173000001F006800F4800078B11A481749091F9B
:101740000968C1F38811A0FB0170014622460023FD
:101750003846FEF7A6FD05460EE011480F49091F61
:101760000968C1F38811A0FB0170014622460023DD
:101770003846FEF796FD05460848001F0068C0F38E
:101780000140401C4600B5FBF6F902E0DFF810907E
:1017900000BF00BF4846BDE8F0870000083802409F
:1017A0000024F40000127A00F8B504460CB90120B8
:1017B000F8BD207800F00100002874D0F9480068D6
:1017C00000F00C0004280DD0F648006800F00C0072
:1017D000082813D1F348001F006800F48000B0F51A
:1017E000800F0BD1EF4808380068C0F34040002854
:1017F00059D06068002856D10120D9E700BF606841
:10180000B0F5803F08D1E7480838006840F48030E0
:10181000E449083908601EE06068B0F5A02F0DD1DA
:10182000E0480838006840F48020DE490839086044
:101830000846006840F4803008600CE0D948083859
:10184000006820F48030D7490839086008460068ED
:1018500020F48020086000BF606890B1FFF7B0FD01
:10186000054606E0FFF7ACFD401B642801D90320C4
:101870009EE7CC4808380068C0F340400028F1D00B
:1018800011E0FFF79DFD054606E0FFF799FD401BBF
:10189000642801D903208BE7C24808380068C0F3E8
:1018A00040400028F1D1207800F0020002285FD1EA
:1018B000BC48006800F00C0058B1BA48006800F05D
:1018C0000C0008281CD1B748001F006800F48000F5
:1018D000B0B9B44808380068C0F3400020B1E068EF
:1018E000012801D0012063E7AE480838006820F0E5
:1018F000F800216940EAC100AA490839086037E0C8
:10190000E06800B30120A8490860FFF759FD0546CB
:1019100006E0FFF755FD401B022801D9032047E7E9
:10192000A04808380068C0F340000028F1D09D4866
:101930000838006820F0F800216940EAC1009949A0
:101940000839086014E0002097490860FFF738FD67
:10195000054606E0FFF734FD401B022801D90320AD
:1019600026E7904808380068C0F340000028F1D10D
:10197000207800F0080008282CD16069A8B1012067
:101980008A490860FFF71CFD054606E0FFF718FDD1
:10199000401B022801D903200AE782486C30006806
:1019A000C0F340000028F1D014E000207F49086017
:1019B000FFF706FD054606E0FFF702FD401B022883
:1019C00001D90320F4E677486C300068C0F340008A
:1019D0000028F1D1207800F00400042870D10027FD
:1019E00070483830006800F0805090B900BF002087
:1019F00000906C483830006840F0805069493831B8
:101A000008600846006800F08050009000BF00BFEA
:101A100001276748006800F48070B0B96448006826
:101A200040F4807062490860FFF7CAFC054606E092
:101A3000FFF7C6FC401B022801D90320B8E65C482A
:101A4000006800F480700028F2D000BFA068012870
:101A500008D154486830006840F0010051496831AD
:101A600008601DE0A06805280DD14E486830006868
:101A700040F004004B49683108600846006840F0B7
:101A8000010008600CE047486830006820F0010061
:101A90004449683108600846006820F00400086086
:101AA00000BFA068A8B1FFF78BFC054609E0FFF76F
:101AB00087FC401B41F28831884202D9032077E637
:101AC00026E0384868300068C0F340000028EED0B7
:101AD00013E0FFF775FC054608E0FFF771FC401BBB
:101AE00041F28831884201D9032061E62D486830EF
:101AF0000068C0F340000028EFD1012F07D129482A
:101B00003830006820F0805026493831086000BF26
:101B1000A069002845D02348006800F00C00082880
:101B20005DD0A069022845D100201F490866FFF753
:101B300047FC054606E0FFF743FC401B022801D99D
:101B4000032035E6174808380068C0F340600028D5
:101B5000F1D1D4E907010843616A40EA8111012209
:101B6000A06AC2EB500041EA00412C20005D41EA2E
:101B700000600C49091F086001200B490866FFF747
:101B80001FFC054606E0FFF71BFC401B022801D99D
:101B900003200DE6034808380068C0F340600028C1
:101BA000F1D049E00838024000004742800E474229
:101BB00000700040002021490866FFF701FC05463F
:101BC00006E0FFF7FDFB401B022801D90320EFE5EB
:101BD0001B480068C0F340600028F2D12CE0A069E7
:101BE000012800D1E4E51648001D0668A069012817
:101BF00020D006F48001E06981421BD106F03F014C
:101C0000206A814216D147F6C0703040616AB0EB5D
:101C1000811F0FD106F440310122A06AC2EB5000AF
:101C2000B1EB004F06D106F070612C20005DB1EBE6
:101C3000006F01D00120BBE50020B9E5000047425C
:101C40000038024070B504460E4615460CB9012016
:101C500070BD94F8490028B9002084F84800204657
:101C600000F01CF804F108012068FFF7D9F93146AB
:101C7000A2682068FFF702FA2946236BD4E9010223
:101C8000FFF7AAF9A168206850F8210040F0010090
:101C9000A268216841F822000020D9E710B586B07B
:101CA000044600BF002000902248006840F0010078
:101CB000204908600846006800F00100009000BF5D
:101CC00000BF00BF002000901A480838006840F0AC
:101CD00008001849083908600846006800F0080044
:101CE000009000BF00BF00BF0020009008460068C1
:101CF00040F0100008600846006800F010000090F6
:101D000000BF00BF4CF2037001900220029001203E
:101D10000390022004900C20059001A90648FFF7CB
:101D200039FA4FF68070019001A90448FFF732FAA2
:101D300006B010BD38380240000C024000100240CE
:101D400070B504462546681EB0F1807F01D301209E
:101D50000FE0681E4FF0E02148610F214FF0FF3087
:101D600000F0CEFC00204FF0E021886107200861E0
:101D7000002070BD7047704710B504462068C068E9
:101D800020F490702168C8602068406920F001004C
:101D900021684861206B012805D12068C06820F0C7
:101DA00010002168C8602068406900F040004028A9
:101DB0001DD12068406920F0400021684861A06B77
:101DC00050B11148A16B0865A06BFFF7CEF9C0B107
:101DD000A06B016D884714E00020E085202084F886
:101DE0003E00002020632046FFF7C5FF09E00020E9
:101DF000E085202084F83E00002020632046FFF785
:101E0000BAFF002010BD0000D92200087047000072
:101E10002DE9F84F0446206805682068C6682068E8
:101E200047694FF00009CA4605F00F09B9F1000FE4
:101E30000AD105F0200038B106F0200020B120467C
:101E400000F083FABDE8F88FB9F1000F72D007F007
:101E5000010018B906F4907000286BD005F001005D
:101E600030B106F4807018B1206C40F0010020649D
:101E700005F0040030B107F0010018B1206C40F00B
:101E80000200206405F0020030B107F0010018B133
:101E9000206C40F00400206405F0080048B106F012
:101EA000200010B907F0010018B1206C40F00800C4
:101EB0002064206C70B305F0200028B106F02000EB
:101EC00010B1204600F041FA20684069C0F3801A42
:101ED000206C00F0080010B9BAF1000F23D02046A2
:101EE00000F008FA2068406900F04000402816D150
:101EF0002068406920F0400021684861A06B50B123
:101F00005648A16B0865A06BFFF72FF910B1A06BC5
:101F1000016D88470CE02046FFF778FF08E0204677
:101F2000FFF774FF04E02046FFF770FF00202064F5
:101F300088E7FFE7206B012879D105F01000002821
:101F400075D006F01000002871D000BF002000906E
:101F500020680068009020684068009000BF00BFC3
:101F60002068406900F04000402839D1A06B00682B
:101F700040681FFA80F8B8F1000F30D0A08D4045BE
:101F80002DDDA4F82E80A06BC069B0F5807F1FD036
:101F90002068C06820F480702168C86020684069AB
:101FA00020F00100216848612068406920F040006D
:101FB00021684861202084F83E00002020632068CA
:101FC000C06820F010002168C860A06BFFF778F8A7
:101FD000A08DE28D801A81B22046FFF7CBFE31E75B
:101FE000A08DE18D401A1FFA80F8E08DE8B1B8F1BC
:101FF000000F1AD02068C06820F490702168C86073
:102000002068406920F0010021684861202084F8A0
:102010003E00002020632068C06820F01000216886
:10202000C86041462046FFF7A5FE0BE7FFE705F035
:10203000800030B106F0800018B1204600F01DFB92
:1020400000E705F0400030B106F0400018B120462E
:1020500000F06BF9F6E600BFF4E60000C5220008C8
:1020600010B504460CB9012010BDA06900B100E014
:1020700000BF94F83D0028B9002084F83C002046B9
:1020800000F028F8242084F83D002068C06820F47F
:1020900000502168C860204600F0B6F92068006949
:1020A00020F49040216808612068406920F02A00EF
:1020B000216848612068C06840F400502168C86009
:1020C00000202064202084F83D0084F83E00002099
:1020D000CAE7000010B586B004462E492068884241
:1020E00055D100BF00BF002000902B48006840F091
:1020F0001000294908600846006800F010000090B0
:1021000000BF00BF00BF00BF00BF002000902248FA
:102110001438006840F001001F491439086008466F
:10212000006800F00100009000BF00BF00BF00BFCA
:1021300000BF002000900846006840F001000860E1
:102140000846006800F00100009000BF00BF00BF1B
:102150004815019002200290012003900220049073
:102160000720059001A90D48FFF714F84FF480608F
:1021700001900720059001A90848FFF70BF82520DA
:10218000FFF76FF9032211462520FFF77AF906B011
:1021900010BD000000100140443802400000024021
:1021A00070B504460D46164694F83E00202816D118
:1021B00005B10EB9012070BD00BF94F83C000128A4
:1021C00001D10220F7E7012084F83C0000BF002085
:1021D000206332462946204600F02CFAEBE7022025
:1021E000E9E7000010B5044624492068884242D13E
:1021F00023480078012802D12249087010BD2248E6
:10220000008800F4004088BB1F48008800F480402C
:1022100070B11E4800780A2803D000201A490880AF
:1022200024E01948008840F40040174908801DE068
:10223000164800780D2806D11348008840F48040E5
:102240001149088012E0114800780F490988C1F34C
:102250000D010F4A50540C480088401C0A49088060
:1022600008460088C72801DD0020088001220749B0
:102270000848FFF795FF00BFC0E7000000100140CD
:102280001700002018000020140000201600002075
:10229000F0030020B81C0020704700BFFEE700BF1D
:1022A000FEE770477047704710B5FFF78FF810BD15
:1022B0000348006840F4700001490860704700005E
:1022C00088ED00E070B50546AC6B0020E085E08449
:1022D0002046FFF79BFD70BD70B50546AC6B002036
:1022E000E085202084F83E00002020632046FFF790
:1022F00042FD70BD0168C96821F490710268D16027
:102300000168496921F0010102685161016B0129ED
:1023100005D10168C96821F010010268D16020214F
:1023200080F83E1000210163704710B50446206814
:10233000C06820F040002168C860202084F83D007B
:102340002046FFF7A9FF002010BD70B5044694F8A1
:102350003E00222856D1A068B0F5805F0CD12069DC
:1023600050B90025A66A20684068C0F30800308094
:10237000A06A801CA06215E0A56A0026A068B0F5DE
:10238000805F03D0A06828B9206918B92068406828
:10239000287004E02068406800F07F002870A06A80
:1023A000401CA062E08D401E80B2E08540BB2068EA
:1023B000C06820F020002168C8602068C06820F450
:1023C00080702168C8602068406920F001002168A1
:1023D0004861202084F83E00206B01280AD1206843
:1023E000C06820F010002168C860A18D2046FFF76A
:1023F000C1FC02E02046FFF7F5FE0020206370BD1F
:102400000020FCE70220FAE72DE9F84F0446206897
:10241000006920F44050E16808432168086121699F
:10242000A068084361690843E16908430090206897
:10243000C06849F20C618843009908432168C8606C
:102440002068406920F44070A16908432168486110
:1024500076492068884203D075492068884203D1B4
:10246000FFF73AF9814602E0FFF726F98146E06975
:10247000B0F5004F6CD102206168A0FB015003460B
:102480001920A9FB007001462A463846FDF709FFCE
:102490006421B0FBF1F04FEA001A02206168A0FB52
:1024A00001510B461920A9FB00712A463846FDF759
:1024B000F8FE834602206168A0FB01500346192004
:1024C000A9FB00712A463846FDF7EBFE6421B0FBFC
:1024D000F1F000EBC00101EB0010ABEB800032210A
:1024E00001EBC0006421B0FBF1F000F0F8000AEB52
:1024F000400A02206168A0FB015003461920A9FB95
:10250000007001462A463846FDF7CBFE834602207E
:102510006168A0FB015003461920A9FB00712A46FF
:102520003846FDF7BEFE6421B0FBF1F000EBC001C0
:1025300001EB0010ABEB8000322101EBC000642105
:10254000B0FBF1F000F007005044216888606AE0B9
:1025500004206168A0FB015003461920A9FB00700C
:1025600001462A463846FDF79CFE824604206168F3
:10257000A0FB015003461920A9FB007001462A4622
:102580003846FDF78EFE6421B0FBF1F000EBC00190
:1025900001EB0010AAEB8000322101EB0010642156
:1025A000B0FBF1F000F0F00A04206168A0FB0170BC
:1025B00003461920A9FB00513A462846FDF771FE53
:1025C0006421B0FBF1F00AEB001A04206168A0FB63
:1025D00001510B461920A9FB00712A463846FDF728
:1025E00060FE834604206168A0FB01500346192069
:1025F000A9FB007001462A463846FDF752FE6421C9
:10260000B0FBF1F000EBC00101EB0010ABEB800080
:10261000322101EB00106421B0FBF1F000F00F005B
:10262000504421688860BDE8F88F00000010014028
:102630000014014010B5034699629A85DA8500209E
:102640001864222083F83E0000BF002083F83C007D
:1026500000BF1868C06840F480701C68E0601868AB
:10266000406940F001001C6860611868C06840F073
:1026700020001C68E060002010BD014691F83D007C
:10268000212828D18868B0F5805F0BD1086948B946
:102690000A6A1088C0F308000B685860086A801C3A
:1026A000086205E00B6A581C086218780B685860CD
:1026B000C88C401E80B2C88458B90868C06820F031
:1026C00080000B68D8600868C06840F040000B6864
:1026D000D860002070470220FCE7000010B50248D7
:1026E000FFF796FB10BD0000B81C002000BFFEE7FE
:1026F00002480068C0F30220704700000CED00E0C3
:1027000010B5002804DB0A07130E054A135406E02F
:102710000A07140E034A00F00F031B1FD45410BD08
:1027200000E400E018ED00E000BF704701490860D8
:10273000704700000C00002010B504464FF47A7179
:1027400004FB01F000F002F810BD000070B5034674
:1027500000224FF0E02675690D4E366803FB06F443
:102760004FF0E026B16910E04FF0E026B0698842F2
:102770000BD0884202D20E1A324402E02E1A0E44C6
:1027800032440146A24200D300E0EDE700BF70BD35
:102790000C0000202DE9F04F8DB080466B4800887A
:1027A0000C9030200B900C98183885B21826032115
:1027B0000B9890FBF1F01FFA80FA0B98400090FB09
:1027C000F1F01FFA80F950460AEBD0714C104FEA35
:1027D000EA710AEB917189100A910B98202802DAAC
:1027E0000DB0BDE8F08F484609EBD071A5EB610153
:1027F0001FFA81FB09EBD071A6EB610189B2099147
:102800000020009009984844401E83B20BEB090059
:10281000401E82B25846099903F004F8B8F1060F39
:1028200070D2DFE808F06F03042A2B5100BF4FF687
:10283000E077B8F1010F01D1301B00E0301980B210
:102840000990301983B2301B81B22A46284600977E
:1028500000F02EFB00970A99691A88B22A46314681
:10286000099B00F025FB00970A99294488B22A4663
:102870003146099B00F01CFB45E000BF4FF6E077B6
:10288000B8F1030F01D1281B00E028191FFA80FBC3
:1028900029198AB2291B88B233463146009700F0C5
:1028A00007FB00970A98301A81B233465A462846E9
:1028B00000F0FEFA00970A98304481B233465A4637
:1028C000284600F0F5FA1EE0204604EBD071A5EB97
:1028D00061011FFA81FB04EBD071A6EB610189B2A3
:1028E00009914FF47840009009982044401E83B22B
:1028F0000BEB0400401E82B25846099902F092FF89
:1029000001E0FFE700BF00BF002000900C983138C5
:1029100082B219230A21002002F084FF0C4850F8EB
:1029200028200CA104A8FDF73FFD4FF6FF7004A975
:102930001022CDE9002102900C983A3882B210237F
:102940000A21084603F030FD00BF49E74C1D002076
:102950001C6E0008434D443A2025730000BF054A11
:10296000126802F04002002AF9D0C2B2014B5A604C
:102970007047000000100140F0B599B006460C46C3
:10298000402C02D3002019B0F0BD2246314609A8E0
:10299000FDF750FF002009A9085504A805A906AABB
:1029A00007ABCDE90021029008AA3AA109A8FDF7DA
:1029B000D5FD052801D00020E5E7089888B10798E3
:1029C00078B10898B0F5F07F0BD80898C01DC00802
:1029D000079948430699884203D10698B0F5C05F2D
:1029E00001D90020CFE7324800880599884212D9E2
:1029F0002F484088049988420DD9089905980844C1
:102A00002B490988884206D8079904980844284920
:102A10004988884201D90020B5E70120254908707E
:102A20000020254908702548FFF7A6F9069882B2CC
:102A300023492248FFF7B4FBFEF7C2FC054600BF5E
:102A40001D48007830B9FEF7BBFC401B40F2DC515A
:102A50008842F5D31848007858B119480090079F6C
:102A6000BBB2089FBAB2049FB9B2059FB8B203F0D7
:102A7000AFFB00200F49087012490880012212495B
:102A80000E48FFF78DFB0C48007808B101207AE76B
:102A9000002078E740494D473A25757825753B4C2D
:102AA000454E3A25753B583A25753B593A257500F0
:102AB0004C1D00201700002018000020B81C00202A
:102AC000B804002014000020160000200146302920
:102AD00004DB392902DCA1F130007047612904DBF5
:102AE000662902DCA1F15700F7E7412904DB4629FA
:102AF00002DCA1F13700F0E74FF0FF30EDE7000016
:102B000000B587B0142102A8FDF7D9FE00BF002050
:102B100001900D48006840F010000B49086008461D
:102B2000006800F01000019000BF00BF102002906C
:102B300000200390012004900020059002A9034882
:102B4000FEF728FB07B000BD3038024000100240FD
:102B500070B510211348FEF71FFC08B9012000E0F2
:102B600000200446FEF72CFC05460F4800788442FE
:102B700004D00D4804700D48056011E00B48006852
:102B8000281A14280CD30A480078844208D0084830
:102B900004700CB107A100E009A10846FDF7F8FB9D
:102BA00070BD000000100240010000200400002061
:102BB000000000204042544E3A444F574E0D0A0048
:102BC0004042544E3A55500D0A00000070B504467C
:102BD000002609480588408845430021084603F03F
:102BE00067FA03F05FFC00BF02E004480480761C33
:102BF000AE42FAD370BD00004C1D00208000006C76
:102C00002DE9F84F07460D4690469946DDF828B065
:102C1000A8EB0700401C1FFA80FAA9EB0500401C36
:102C200080B20090002414E0281981B2384603F0E5
:102C30003FFA03F037FC002607E004FB0A603BF88C
:102C4000100006490880701C86B25645F5DB601CF2
:102C500084B200988442E7DBBDE8F88F8000006C06
:102C600010B5044658488471002C58D1F0205649BC
:102C700008804FF4A07048800846808845F21051C3
:102C8000884210D14FF430504F4908814FF42850FA
:102C900048814FF42C5088814FF4F07008804FF435
:102CA000487048801AE04848808841F6631188429D
:102CB0000DD12C20444908812B2048812A2088816D
:102CC0004FF4F07008804FF44870488006E02C20E4
:102CD0003D4908812A2048812B2088813A488088F4
:102CE00045F21031884205D03748808847F2967106
:102CF000884206D14FF4A070334908804FF4F07039
:102D000048803148808849F60601884258D14FF4FE
:102D1000F0702D4908804FF44870488050E04FF41F
:102D2000A07029490880F02048800846808845F234
:102D30001051884210D14FF43050234908814FF48C
:102D4000285048814FF42C5088814FF448700880F7
:102D50004FF4F070488020E01B48808841F66311F2
:102D6000884205D01848808849F6060188420DD16E
:102D70002C20154908812A2048812B2088814FF476
:102D8000487008804FF4F070488006E02C200E490F
:102D900008812A2048812B2088810B48808845F2B1
:102DA0001031884205D00848808847F296718842E1
:102DB00006D14FF4F070044908804FF4A0704880A9
:102DC000002003F057F810BD4C1D00202DE9F047FE
:102DD00006460F4690469A46002445460320A0EB3F
:102DE000480944E07A1B91B2321990B2524600F081
:102DF000B5F83A1B91B2721990B2524600F0AEF893
:102E00003A1991B2721990B2524600F0A7F87A19A5
:102E100091B2321990B2524600F0A0F87A1991B2EC
:102E2000321B90B2524600F099F83A1991B2721BD7
:102E300090B2524600F092F87A1B91B2321B90B2D7
:102E4000524600F08BF83A1B91B2721B90B2524678
:102E500000F084F8641CB9F1000F03DAA000801DB3
:102E6000814404E0601B80000A3081446D1EAC4246
:102E7000B8DDBDE8F0870000F8B504460D461646FB
:102E80001F463EB109480088A04203DB074840883E
:102E9000A84200DAF8BDA019401E82B22B4629468E
:102EA0002046009702F0BEFC00BFF3E74C1D002057
:102EB0002DE9FF4F84B081468A4600200290834668
:102EC0000698A0EB09050798A0EB0A06CDF8049038
:102ED000CDF800A0002D01DD012705E00DB9002788
:102EE00002E04FF0FF376D42002E02DD4FF0010887
:102EF00006E016B94FF0000802E04FF0FF387642C6
:102F0000B54201DD2C4600E03446002003901EE06F
:102F1000009A91B2019A90B2119A00F01FF80298AB
:102F200028440290B3440298A04205DD0298001B99
:102F30000290019838440190A34504DDABEB040BEB
:102F40000098404400900398401C80B20390611C9C
:102F500003988842DCDD08B0BDE8F08F70B5054607
:102F60000E4614463146284603F0A2F803F09AFABA
:102F700001490C8070BD00008000006C10B5CF20AE
:102F800003F084FA002003F075FAC12003F072FA0E
:102F9000302003F06FFAED2003F078FA642003F09C
:102FA00069FA032003F066FA122003F063FA812025
:102FB00003F060FAE82003F069FA852003F05AFA7A
:102FC000102003F057FA7A2003F054FACB2003F0D4
:102FD0005DFA392003F04EFA2C2003F04BFA002062
:102FE00003F048FA342003F045FA022003F042FAD5
:102FF000F72003F04BFA202003F03CFAEA2003F01C
:1030000045FA002003F036FA002003F033FAC0201E
:1030100003F03CFA1B2003F02DFAC12003F036FA2E
:10302000012003F027FAC52003F030FA302003F026
:1030300021FA302003F01EFAC72003F027FAB72048
:1030400003F018FA362003F021FA482003F012FAB0
:103050003A2003F01BFA552003F00CFAB12003F0DC
:1030600015FA002003F006FA1A2003F003FAB6203E
:1030700003F00CFA0A2003F0FDF9A22003F0FAF99C
:10308000F22003F003FA002003F0F4F9262003F005
:10309000FDF9012003F0EEF9E02003F0F7F90F202D
:1030A00003F0E8F92A2003F0E5F9282003F0E2F91B
:1030B000082003F0DFF90E2003F0DCF9082003F00C
:1030C000D9F9542003F0D6F9A92003F0D3F943200D
:1030D00003F0D0F90A2003F0CDF90F2003F0CAF96C
:1030E000002003F0C7F9002003F0C4F9002003F02A
:1030F000C1F9002003F0BEF9E12003F0C7F9002078
:1031000003F0B8F9152003F0B5F9172003F0B2F970
:10311000072003F0AFF9112003F0ACF9062003F00B
:10312000A9F92B2003F0A6F9562003F0A3F93C20BF
:1031300003F0A0F9052003F09DF9102003F09AF99F
:103140000F2003F097F93F2003F094F93F2003F09C
:1031500091F90F2003F08EF92B2003F097F900204E
:1031600003F088F9002003F085F9012003F082F9CB
:103170003F2003F07FF92A2003F088F9002003F0B4
:1031800079F9002003F076F9002003F073F9EF20BD
:1031900003F070F9112003F079F97820FFF7CCFAE9
:1031A000292003F073F910BD10B5FF2003F06EF96C
:1031B000FF2003F05FF9982003F05CF9062003F08C
:1031C00059F9BC2003F062F9012003F053F90F20F4
:1031D00003F050F9612003F04DF9FF2003F04AF9A4
:1031E000012003F047F9012003F044F90B2003F01C
:1031F00041F9102003F03EF9372003F03BF963203A
:1032000003F038F9FF2003F035F9FF2003F032F91D
:10321000012003F02FF9012003F02CF9002003F026
:1032200029F9002003F026F9FF2003F023F95220AA
:1032300003F020F9012003F01DF9002003F01AF932
:10324000402003F017F9BD2003F020F9012003F01E
:1032500011F9232003F00EF9452003F00BF9672044
:1032600003F008F9012003F005F9232003F002F927
:10327000452003F0FFF8672003F0FCF8BE2003F0C0
:1032800005F9002003F0F6F8012003F0F3F8AB2075
:1032900003F0F0F8602003F0EDF8222003F0EAF8E4
:1032A000222003F0E7F8222003F0E4F8222003F0C4
:1032B000E1F8222003F0DEF8C72003F0E7F836201B
:1032C00003F0D8F8ED2003F0E1F87F2003F0D2F806
:1032D0000F2003F0CFF8C02003F0D8F80F2003F040
:1032E000C9F80B2003F0C6F80A2003F0C3F8FC204D
:1032F00003F0CCF8082003F0BDF8DF2003F0C6F897
:10330000002003F0B7F8002003F0B4F8002003F029
:10331000B1F8002003F0AEF8002003F0ABF8202055
:1033200003F0A8F8F32003F0B1F8742003F0A2F83A
:10333000B42003F0ABF8002003F09CF8002003F069
:1033400099F8002003F096F8F72003F09FF8822008
:1033500003F090F8B12003F099F8002003F08AF808
:10336000132003F087F8132003F084F8F22003F011
:103370008DF8802003F07EF8042003F07BF84020D5
:1033800003F078F8282003F075F8C12003F07EF8E8
:10339000172003F06FF8882003F06CF8882003F002
:1033A00069F8202003F066F8E02003F06FF80020B1
:1033B00003F060F80A2003F05DF8122003F05AF8D9
:1033C000102003F057F80E2003F054F8202003F0EB
:1033D00051F8CC2003F04EF8072003F04BF80620FC
:1033E00003F048F80B2003F045F80E2003F042F8F4
:1033F0000F2003F03FF80D2003F03CF8152003F0F8
:1034000039F8102003F036F8002003F033F8E120FB
:1034100003F03CF8002003F02DF80B2003F02AF80D
:10342000132003F027F80D2003F024F80E2003F0FA
:1034300021F81B2003F01EF8712003F01BF8062072
:1034400003F018F8062003F015F80A2003F012F82C
:103450000F2003F00FF80E2003F00CF80F2003F0FC
:1034600009F8152003F006F80C2003F003F80020FB
:1034700003F000F82A2003F009F8002002F0FAFF18
:10348000002002F0F7FF012002F0F4FFDF2002F03D
:10349000F1FF2B2002F0FAFF002002F0EBFF0020EA
:1034A00002F0E8FF032002F0E5FF1F2002F0E2FF38
:1034B0003A2002F0EBFF552002F0DCFF362002F04C
:1034C000E5FF002002F0D6FF112002F0DFFF782098
:1034D000FFF732F9292002F0D9FF1420FFF72CF969
:1034E0002C2002F0D3FF10BD10B5ED2002F0CEFF6E
:1034F000012002F0BFFFFE2002F0BCFFEE2002F030
:10350000C5FFDE2002F0B6FF212002F0B3FFF1205C
:1035100002F0BCFF012002F0ADFFDF2002F0B6FF99
:10352000102002F0A7FFC42002F0B0FF8F2002F0AD
:10353000A1FFC62002F0AAFF002002F09BFFE220BC
:1035400002F098FFE22002F095FFE22002F092FFE5
:10355000BF2002F09BFFAA2002F08CFFB02002F0F7
:1035600095FF0D2002F086FF002002F083FF0D2062
:1035700002F080FF002002F07DFF112002F07AFFB0
:10358000002002F077FF192002F074FF002002F003
:1035900071FF212002F06EFF002002F06BFF2D2052
:1035A00002F068FF002002F065FF3D2002F062FF9C
:1035B000002002F05FFF5D2002F05CFF002002F0BF
:1035C00059FF5D2002F056FF002002F053FFB120AA
:1035D00002F05CFF802002F04DFF002002F04AFF65
:1035E0008B2002F047FF002002F044FF962002F0FB
:1035F00041FF002002F03EFFB22002F047FF002012
:1036000002F038FF002002F035FF022002F032FF06
:10361000002002F02FFF032002F02CFF002002F018
:1036200029FFB32002F032FF002002F023FF002028
:1036300002F020FF002002F01DFF002002F01AFF20
:10364000002002F017FF002002F014FF002002F01B
:1036500011FF002002F00EFF002002F00BFF0020FF
:1036600002F008FF002002F005FF002002F002FF38
:10367000002002F0FFFE002002F0FCFE002002F01D
:10368000F9FE002002F0F6FE002002F0F3FE00201A
:1036900002F0F0FE002002F0EDFE002002F0EAFE53
:1036A000002002F0E7FE002002F0E4FE002002F01D
:1036B000E1FE002002F0DEFEB42002F0E7FE8B20E7
:1036C00002F0D8FE002002F0D5FE962002F0D2FED5
:1036D000002002F0CFFEA12002F0CCFE002002F07C
:1036E000C9FEB52002F0D2FE022002F0C3FE002087
:1036F00002F0C0FE032002F0BDFE002002F0BAFE80
:10370000042002F0B7FE002002F0B4FEB62002F062
:10371000BDFE002002F0AEFE002002F0ABFEB7209E
:1037200002F0B4FE002002F0A5FE002002F0A2FE8E
:103730003F2002F09FFE002002F09CFE5E2002F07F
:1037400099FE002002F096FE642002F093FE002015
:1037500002F090FE8C2002F08DFE002002F08AFE26
:10376000AC2002F087FE002002F084FEDC2002F094
:1037700081FE002002F07EFE702002F07BFE002021
:1037800002F078FE902002F075FE002002F072FE3A
:10379000EB2002F06FFE002002F06CFEDC2002F055
:1037A00069FE002002F066FEB82002F06FFE0020E5
:1037B00002F060FE002002F05DFE002002F05AFEE2
:1037C000002002F057FE002002F054FE002002F01C
:1037D00051FE002002F04EFE002002F04BFEBA2007
:1037E00002F054FE242002F045FE002002F042FECA
:1037F000002002F03FFE002002F03CFEC12002F05B
:1038000045FE202002F036FE002002F033FE542058
:1038100002F030FE002002F02DFEFF2002F02AFE12
:10382000002002F027FEC22002F030FE0A2002F043
:1038300021FE002002F01EFE042002F01BFE0020EC
:1038400002F018FEC32002F021FE3C2002F012FE1E
:10385000002002F00FFE3A2002F00CFE002002F0E1
:1038600009FE392002F006FE002002F003FE372098
:1038700002F000FE002002F0FDFD3C2002F0FAFD07
:10388000002002F0F7FD362002F0F4FD002002F0E7
:10389000F1FD322002F0EEFD002002F0EBFD2F20C2
:1038A00002F0E8FD002002F0E5FD2C2002F0E2FD30
:1038B000002002F0DFFD292002F0DCFD002002F0F4
:1038C000D9FD262002F0D6FD002002F0D3FD2420F1
:1038D00002F0D0FD002002F0CDFD242002F0CAFD50
:1038E000002002F0C7FD232002F0C4FD002002F0FA
:1038F000C1FD3C2002F0BEFD002002F0BBFD3620E1
:1039000002F0B8FD002002F0B5FD322002F0B2FD59
:10391000002002F0AFFD2F2002F0ACFD002002F0ED
:10392000A9FD2C2002F0A6FD002002F0A3FD292015
:1039300002F0A0FD002002F09DFD262002F09AFD7D
:10394000002002F097FD242002F094FD002002F0F8
:1039500091FD242002F08EFD002002F08BFD23203B
:1039600002F088FD002002F085FDC42002F08EFDEB
:10397000622002F07FFD002002F07CFD052002F0B5
:1039800079FD002002F076FD842002F073FD002016
:1039900002F070FDF02002F06DFD002002F06AFDE3
:1039A000182002F067FD002002F064FDA42002F060
:1039B00061FD002002F05EFD182002F05BFD00209A
:1039C00002F058FD502002F055FD002002F052FD9B
:1039D0000C2002F04FFD002002F04CFD172002F0F9
:1039E00049FD002002F046FD952002F043FD002035
:1039F00002F040FDF32002F03DFD002002F03AFD10
:103A0000E62002F037FD002002F034FDC52002F070
:103A10003DFD322002F02EFD002002F02BFD44205F
:103A200002F028FD002002F025FD652002F022FDB5
:103A3000002002F01FFD762002F01CFD002002F0A5
:103A400019FD882002F016FD002002F013FDC620AB
:103A500002F01CFD202002F00DFD002002F00AFD06
:103A6000172002F007FD002002F004FD012002F003
:103A700001FD002002F0FEFCC72002F007FD00203F
:103A800002F0F8FC002002F0F5FC002002F0F2FC4D
:103A9000002002F0EFFCC82002F0F8FC002002F049
:103AA000E9FC002002F0E6FC002002F0E3FC00202C
:103AB00002F0E0FCC92002F0E9FC002002F0DAFC90
:103AC000002002F0D7FC002002F0D4FC002002F01D
:103AD000D1FC002002F0CEFC002002F0CBFC002044
:103AE00002F0C8FC002002F0C5FC002002F0C2FC7D
:103AF000002002F0BFFC002002F0BCFC002002F01D
:103B0000B9FC002002F0B6FC002002F0B3FC00205B
:103B100002F0B0FC002002F0ADFCE02002F0B6FCA8
:103B2000162002F0A7FC002002F0A4FC1C2002F0EA
:103B3000A1FC002002F09EFC212002F09BFC002052
:103B400002F098FC362002F095FC002002F092FC76
:103B5000462002F08FFC002002F08CFC522002F084
:103B600089FC002002F086FC642002F083FC002027
:103B700002F080FC7A2002F07DFC002002F07AFC4A
:103B80008B2002F077FC002002F074FC992002F0F8
:103B900071FC002002F06EFCA82002F06BFC0020FB
:103BA00002F068FCB92002F065FC002002F062FC23
:103BB000C42002F05FFC002002F05CFCCA2002F08E
:103BC00059FC002002F056FCD22002F053FC0020E9
:103BD00002F050FCD92002F04DFC002002F04AFC1B
:103BE000E02002F047FC002002F044FCF32002F049
:103BF00041FC002002F03EFCE12002F047FC1620D0
:103C000002F038FC002002F035FC1C2002F032FCEF
:103C1000002002F02FFC222002F02CFC002002F0F9
:103C200029FC362002F026FC002002F023FC45206F
:103C300002F020FC002002F01DFC522002F01AFCD1
:103C4000002002F017FC642002F014FC002002F0B7
:103C500011FC7A2002F00EFC002002F00BFC8B20FD
:103C600002F008FC002002F005FC992002F002FCA2
:103C7000002002F0FFFBA82002F0FCFB002002F075
:103C8000F9FBB92002F0F6FB002002F0F3FBC420A0
:103C900002F0F0FB002002F0EDFBCA2002F0EAFB8C
:103CA000002002F0E7FBD22002F0E4FB002002F04B
:103CB000E1FBD82002F0DEFB002002F0DBFBE0207D
:103CC00002F0D8FB002002F0D5FBF32002F0D2FB7B
:103CD000002002F0CFFBE22002F0D8FB052002F02A
:103CE000C9FB002002F0C6FB0B2002F0C3FB002042
:103CF00002F0C0FB1B2002F0BDFB002002F0BAFB6B
:103D0000342002F0B7FB002002F0B4FB442002F0A4
:103D1000B1FB002002F0AEFB4F2002F0ABFB002015
:103D200002F0A8FB612002F0A5FB002002F0A2FB3C
:103D3000792002F09FFB002002F09CFB882002F01B
:103D400099FB002002F096FB972002F093FB0020E5
:103D500002F090FBA62002F08DFB002002F08AFB0F
:103D6000B72002F087FB002002F084FBC22002F0A3
:103D700081FB002002F07EFBC72002F07BFB0020CD
:103D800002F078FBD12002F075FB002002F072FBFC
:103D9000D62002F06FFB002002F06CFBDD2002F069
:103DA00069FB002002F066FBF32002F063FB0020B9
:103DB00002F060FBE32002F069FB052002F05AFBF1
:103DC000002002F057FB0A2002F054FB002002F012
:103DD00051FB1C2002F04EFB002002F04BFB332075
:103DE00002F048FB002002F045FB442002F042FBB9
:103DF000002002F03FFB502002F03CFB002002F0CC
:103E000039FB622002F036FB002002F033FB782001
:103E100002F030FB002002F02DFB882002F02AFB8C
:103E2000002002F027FB972002F024FB002002F084
:103E300021FBA62002F01EFB002002F01BFBB72096
:103E400002F018FB002002F015FBC22002F012FB6A
:103E5000002002F00FFBC72002F00CFB002002F054
:103E600009FBD12002F006FB002002F003FBD52065
:103E700002F000FB002002F0FDFADD2002F0FAFA69
:103E8000002002F0F7FAF32002F0F4FA002002F02A
:103E9000F1FAE42002F0FAFA012002F0EBFA002035
:103EA00002F0E8FA012002F0E5FA002002F0E2FA5E
:103EB000022002F0DFFA002002F0DCFA2A2002F0F1
:103EC000D9FA002002F0D6FA3C2002F0D3FA002002
:103ED00002F0D0FA4B2002F0CDFA002002F0CAFA2C
:103EE0005D2002F0C7FA002002F0C4FA742002F04C
:103EF000C1FA002002F0BEFA842002F0BBFA0020D2
:103F000002F0B8FA932002F0B5FA002002F0B2FAFB
:103F1000A22002F0AFFA002002F0ACFAB32002F0C7
:103F2000A9FA002002F0A6FABE2002F0A3FA0020AF
:103F300002F0A0FAC42002F09DFA002002F09AFAE2
:103F4000CD2002F097FA002002F094FAD32002F07C
:103F500091FA002002F08EFADD2002F08BFA0020A8
:103F600002F088FAF32002F085FA002002F082FACB
:103F7000E52002F08BFA002002F07CFA002002F02B
:103F800079FA002002F076FA002002F073FA02209B
:103F900002F070FA002002F06DFA292002F06AFAAD
:103FA000002002F067FA3C2002F064FA002002F0E0
:103FB00061FA4B2002F05EFA002002F05BFA5D200D
:103FC00002F058FA002002F055FA742002F052FA7A
:103FD000002002F04FFA842002F04CFA002002F098
:103FE00049FA932002F046FA002002F043FAA22098
:103FF00002F040FA002002F03DFAB32002F03AFA53
:10400000002002F037FABE2002F034FA002002F05D
:1040100031FAC42002F02EFA002002F02BFACD2053
:1040200002F028FA002002F025FAD32002F022FA4A
:10403000002002F01FFADC2002F01CFA002002F03F
:1040400019FAF32002F016FA002002F013FAE62023
:1040500002F01CFA112002F00DFA002002F00AFA18
:10406000342002F007FA002002F004FA562002F091
:1040700001FA002002F0FEF9762002F0FBF90020A0
:1040800002F0F8F9772002F0F5F9002002F0F2F9D9
:10409000662002F0EFF9002002F0ECF9882002F02F
:1040A000E9F9002002F0E6F9992002F0E3F9002096
:1040B00002F0E0F9BB2002F0DDF9002002F0DAF9AD
:1040C000992002F0D7F9002002F0D4F9662002F01E
:1040D000D1F9002002F0CEF9552002F0CBF90020F2
:1040E00002F0C8F9552002F0C5F9002002F0C2F92B
:1040F000452002F0BFF9002002F0BCF9432002F095
:10410000B9F9002002F0B6F9442002F0B3F900201A
:1041100002F0B0F9E72002F0B9F9322002F0AAF972
:10412000002002F0A7F9552002F0A4F9002002F0C7
:10413000A1F9762002F09EF9002002F09BF966209A
:1041400002F098F9002002F095F9672002F092F948
:10415000002002F08FF9672002F08CF9002002F0B5
:1041600089F9872002F086F9002002F083F999206E
:1041700002F080F9002002F07DF9BB2002F07AF90C
:10418000002002F077F9992002F074F9002002F083
:1041900071F9772002F06EF9002002F06BF94420EB
:1041A00002F068F9002002F065F9562002F062F989
:1041B000002002F05FF9232002F05CF9002002F0F9
:1041C00059F9332002F056F9002002F053F9452046
:1041D00002F050F9002002F04DF9E82002F056F903
:1041E000002002F047F9002002F044F9992002F083
:1041F00041F9002002F03EF9872002F03BF900204F
:1042000002F038F9882002F035F9002002F032F986
:10421000772002F02FF9002002F02CF9662002F03E
:1042200029F9002002F026F9882002F023F9002065
:1042300002F020F9AA2002F01DF9002002F01AF97C
:10424000BB2002F017F9002002F014F9992002F0C7
:1042500011F9002002F00EF9662002F00BF900209F
:1042600002F008F9552002F005F9002002F002F9E9
:10427000552002F0FFF8002002F0FCF8442002F084
:10428000F9F8002002F0F6F8442002F0F3F80020DC
:1042900002F0F0F8552002F0EDF8002002F0EAF804
:1042A000E92002F0F3F8AA2002F0E4F8002002F07E
:1042B000E1F8002002F0DEF8002002F0DBF8002038
:1042C00002F0E4F8AA2002F0D5F8CF2002F0DEF8E0
:1042D000002002F0CFF8002002F0CCF8002002F01D
:1042E000C9F8002002F0C6F8002002F0C3F8002050
:1042F00002F0C0F8002002F0BDF8002002F0BAF889
:10430000002002F0B7F8002002F0B4F8002002F01C
:10431000B1F8002002F0AEF8002002F0ABF8002067
:1043200002F0A8F8002002F0A5F8002002F0A2F8A0
:10433000002002F09FF8F02002F0A8F8002002F020
:1043400099F8502002F096F8002002F093F800202F
:1043500002F090F8002002F08DF8F32002F096F8B9
:10436000002002F087F8F92002F090F8062002F011
:1043700081F8102002F07EF8292002F07BF800205E
:1043800002F078F83A2002F081F8552002F072F835
:10439000112002F07BF86420FEF7CEF9292002F00C
:1043A00075F8352002F072F8002002F063F8512011
:1043B00002F06CF8FF2002F05DF8532002F066F87E
:1043C0002C2002F057F8552002F060F8822002F00D
:1043D00051F82C2002F05AF810BD10B555214FF4B9
:1043E000704002F069F8AA214FF2010002F064F86F
:1043F00052214FF2020002F05FF808214FF2030051
:1044000002F05AF801214FF2040002F055F834216D
:104410004FF4364002F050F834214BF2016002F0C4
:104420004BF834214BF2026002F046F80D214FF4B4
:10443000304002F041F80D214BF2010002F03CF84F
:104440000D214BF2020002F037F824214FF43740DF
:1044500002F032F824214BF2017002F02DF82421F1
:104460004BF2027002F028F80D214FF4314002F0B7
:1044700023F80D214BF2011002F01EF80D214BF232
:10448000021002F019F824214FF4384002F014F819
:1044900024214BF6010002F00FF824214BF6020014
:1044A00002F00AF800214FF4324002F005F824210E
:1044B0004FF4394002F000F824214BF6011001F0CE
:1044C000FBFF24214BF6021001F0F6FF05214FF40B
:1044D000334001F0F1FF05214BF2013001F0ECFF18
:1044E00005214BF2023001F0E7FF34214FF43A404E
:1044F00001F0E2FF34214BF6012001F0DDFF342111
:104500004BF6022001F0D8FF0B214FF4354001F0AB
:10451000D3FF0B214BF2015001F0CEFF0B214BF2E8
:10452000025001F0C9FF00214FF43C4001F0C4FFEC
:10453000A3214BF6014001F0BFFF00214BF60240E2
:1045400001F0BAFF00214FF43D4001F0B5FFA32177
:104550004BF6015001F0B0FF00214BF6025001F084
:10456000ABFF00214FF43E4001F0A6FF37214BF690
:10457000016001F0A1FF00214FF4514001F09CFFC8
:1045800037214DF2011001F097FF00214DF202108A
:1045900001F092FF53214DF2031001F08DFF002135
:1045A0004DF2041001F088FF79214DF2051001F061
:1045B00083FF00214DF2061001F07EFF97214DF29E
:1045C000071001F079FF00214DF2081001F074FF8F
:1045D000B1214DF2091001F06FFF00214DF20A10D8
:1045E00001F06AFFD5214DF20B1001F065FF0021AB
:1045F0004DF20C1001F060FFF4214DF20D1001F0AE
:104600005BFF01214DF20E1001F056FF23214DF208
:104610000F1001F051FF01214DF2101001F04CFF7D
:1046200049214DF2111001F047FF01214DF2121006
:1046300001F042FF87214DF2131001F03DFF0121EF
:104640004DF2141001F038FFB6214DF2151001F0B3
:1046500033FF02214DF2161001F02EFF00214DF222
:10466000171001F029FF02214DF2181001F024FF6C
:104670003B214DF2191001F01FFF02214DF21A10DB
:1046800001F01AFF3D214DF21B1001F015FF022130
:104690004DF21C1001F010FF75214DF21D1001F0BC
:1046A0000BFF02214DF21E1001F006FFB1214DF269
:1046B0001F1001F001FF02214DF2201001F0FCFE5D
:1046C000D5214DF2211001F0F7FE03214DF2221009
:1046D00001F0F2FE09214DF2231001F0EDFE03215D
:1046E0004DF2241001F0E8FE28214DF2251001F0D2
:1046F000E3FE03214DF2261001F0DEFE52214DF2C1
:10470000271001F0D9FE03214DF2281001F0D4FE4C
:104710006B214DF2291001F0CFFE03214DF22A103A
:1047200001F0CAFE8D214DF22B1001F0C5FE0321D0
:104730004DF22C1001F0C0FEA2214DF22D1001F01F
:10474000BBFE03214DF22E1001F0B6FEBB214DF24F
:104750002F1001F0B1FE03214DF2301001F0ACFE3C
:10476000C1214DF2311001F0A7FE03214DF23210AC
:1047700001F0A2FEC1214DF2331001F09DFE002197
:104780004FF4524001F098FE37214DF2012001F024
:1047900093FE00214DF2022001F08EFE53214DF2D6
:1047A000032001F089FE00214DF2042001F084FE77
:1047B00079214DF2052001F07FFE00214DF2062007
:1047C00001F07AFE97214DF2072001F075FE0021DD
:1047D0004DF2082001F070FEB1214DF2092001F0E8
:1047E0006BFE00214DF20A2001F066FED5214DF24C
:1047F0000B2001F061FE00214DF20C2001F05CFE67
:10480000F4214DF20D2001F057FE01214DF20E2052
:1048100001F052FE23214DF20F2001F04DFE012147
:104820004DF2102001F048FE49214DF2112001F017
:1048300043FE01214DF2122001F03EFE87214DF290
:10484000132001F039FE01214DF2142001F034FE55
:10485000B6214DF2152001F02FFE02214DF2162057
:1048600001F02AFE00214DF2172001F025FE022161
:104870004DF2182001F020FE3B214DF2192001F0ED
:104880001BFE02214DF21A2001F016FE3D214DF2D1
:104890001B2001F011FE02214DF21C2001F00CFE44
:1048A00075214DF21D2001F007FE02214DF21E2060
:1048B00001F002FEB1214DF21F2001F0FDFD0221A9
:1048C0004DF2202001F0F8FDD5214DF2212001F01C
:1048D000F3FD03214DF2222001F0EEFD09214DF2FE
:1048E000232001F0E9FD03214DF2242001F0E4FD35
:1048F00028214DF2252001F0DFFD03214DF2262075
:1049000001F0DAFD52214DF2272001F0D5FD0321FF
:104910004DF2282001F0D0FD6B214DF2292001F04D
:10492000CBFD03214DF22A2001F0C6FD8D214DF271
:104930002B2001F0C1FD03214DF22C2001F0BCFD24
:10494000A2214DF22D2001F0B7FD03214DF22E20C2
:1049500001F0B2FDBB214DF22F2001F0ADFD03218E
:104960004DF2302001F0A8FDC1214DF2312001F0BF
:10497000A3FD03214DF2322001F09EFDC1214DF235
:10498000332001F099FD00214FF4534001F094FDD4
:1049900037214DF2013001F08FFD00214DF2023040
:1049A00001F08AFD53214DF2033001F085FD002115
:1049B0004DF2043001F080FD79214DF2053001F017
:1049C0007BFD00214DF2063001F076FD97214DF27E
:1049D000073001F071FD00214DF2083001F06CFD4F
:1049E000B1214DF2093001F067FD00214DF20A308E
:1049F00001F062FDD5214DF20B3001F05DFD00218B
:104A00004DF20C3001F058FDF4214DF20D3001F063
:104A100053FD01214DF20E3001F04EFD23214DF2E8
:104A20000F3001F049FD01214DF2103001F044FD3D
:104A300049214DF2113001F03FFD01214DF21230BC
:104A400001F03AFD87214DF2133001F035FD0121CF
:104A50004DF2143001F030FDB6214DF2153001F069
:104A60002BFD02214DF2163001F026FD00214DF202
:104A7000173001F021FD02214DF2183001F01CFD2C
:104A80003B214DF2193001F017FD02214DF21A3091
:104A900001F012FD3D214DF21B3001F00DFD022110
:104AA0004DF21C3001F008FD75214DF21D3001F072
:104AB00003FD02214DF21E3001F0FEFCB1214DF24A
:104AC0001F3001F0F9FC02214DF2203001F0F4FC1E
:104AD000D5214DF2213001F0EFFC03214DF22230BF
:104AE00001F0EAFC09214DF2233001F0E5FC03213D
:104AF0004DF2243001F0E0FC28214DF2253001F088
:104B0000DBFC03214DF2263001F0D6FC52214DF2A0
:104B1000273001F0D1FC03214DF2283001F0CCFC0C
:104B20006B214DF2293001F0C7FC03214DF22A30F0
:104B300001F0C2FC8D214DF22B3001F0BDFC0321B0
:104B40004DF22C3001F0B8FCA2214DF22D3001F0D5
:104B5000B3FC03214DF22E3001F0AEFCBB214DF22F
:104B60002F3001F0A9FC03214DF2303001F0A4FCFC
:104B7000C1214DF2313001F09FFC03214DF2323062
:104B800001F09AFCC1214DF2333001F095FC002177
:104B90004FF4544001F090FC37214DF2014001F0F8
:104BA0008BFC00214DF2024001F086FC53214DF2B6
:104BB000034001F081FC00214DF2044001F07CFC37
:104BC00079214DF2054001F077FC00214DF20640BD
:104BD00001F072FC97214DF2074001F06DFC0021BD
:104BE0004DF2084001F068FCB1214DF2094001F09E
:104BF00063FC00214DF20A4001F05EFCD5214DF22C
:104C00000B4001F059FC00214DF20C4001F054FC26
:104C1000F4214DF20D4001F04FFC01214DF20E4008
:104C200001F04AFC23214DF20F4001F045FC012127
:104C30004DF2104001F040FC49214DF2114001F0CD
:104C40003BFC01214DF2124001F036FC87214DF270
:104C5000134001F031FC01214DF2144001F02CFC15
:104C6000B6214DF2154001F027FC02214DF216400D
:104C700001F022FC00214DF2174001F01DFC022141
:104C80004DF2184001F018FC3B214DF2194001F0A3
:104C900013FC02214DF21A4001F00EFC3D214DF2B1
:104CA0001B4001F009FC02214DF21C4001F004FC04
:104CB00075214DF21D4001F0FFFB02214DF21E4017
:104CC00001F0FAFBB1214DF21F4001F0F5FB02218A
:104CD0004DF2204001F0F0FBD5214DF2214001F0D2
:104CE000EBFB03214DF2224001F0E6FB09214DF2DE
:104CF000234001F0E1FB03214DF2244001F0DCFBF5
:104D000028214DF2254001F0D7FB03214DF226402A
:104D100001F0D2FB52214DF2274001F0CDFB0321DF
:104D20004DF2284001F0C8FB6B214DF2294001F003
:104D3000C3FB03214DF22A4001F0BEFB8D214DF251
:104D40002B4001F0B9FB03214DF22C4001F0B4FBE4
:104D5000A2214DF22D4001F0AFFB03214DF22E4078
:104D600001F0AAFBBB214DF22F4001F0A5FB03216E
:104D70004DF2304001F0A0FBC1214DF2314001F075
:104D80009BFB03214DF2324001F096FBC1214DF215
:104D9000334001F091FB00214FF4554001F08CFBB2
:104DA00037214DF2015001F087FB00214DF20250F6
:104DB00001F082FB53214DF2035001F07DFB0021F5
:104DC0004DF2045001F078FB79214DF2055001F0CD
:104DD00073FB00214DF2065001F06EFB97214DF25E
:104DE000075001F069FB00214DF2085001F064FB0F
:104DF000B1214DF2095001F05FFB00214DF20A5044
:104E000001F05AFBD5214DF20B5001F055FB00216A
:104E10004DF20C5001F050FBF4214DF20D5001F019
:104E20004BFB01214DF20E5001F046FB23214DF2C8
:104E30000F5001F041FB01214DF2105001F03CFBFD
:104E400049214DF2115001F037FB01214DF2125072
:104E500001F032FB87214DF2135001F02DFB0121AF
:104E60004DF2145001F028FBB6214DF2155001F01F
:104E700023FB02214DF2165001F01EFB00214DF2E2
:104E8000175001F019FB02214DF2185001F014FBEC
:104E90003B214DF2195001F00FFB02214DF21A5047
:104EA00001F00AFB3D214DF21B5001F005FB0221F0
:104EB0004DF21C5001F000FB75214DF21D5001F028
:104EC000FBFA02214DF21E5001F0F6FAB1214DF22B
:104ED0001F5001F0F1FA02214DF2205001F0ECFADE
:104EE000D5214DF2215001F0E7FA03214DF2225075
:104EF00001F0E2FA09214DF2235001F0DDFA03211D
:104F00004DF2245001F0D8FA28214DF2255001F03D
:104F1000D3FA03214DF2265001F0CEFA52214DF280
:104F2000275001F0C9FA03214DF2285001F0C4FACC
:104F30006B214DF2295001F0BFFA03214DF22A50A6
:104F400001F0BAFA8D214DF22B5001F0B5FA032190
:104F50004DF22C5001F0B0FAA2214DF22D5001F08B
:104F6000ABFA03214DF22E5001F0A6FABB214DF20F
:104F70002F5001F0A1FA03214DF2305001F09CFABC
:104F8000C1214DF2315001F097FA03214DF2325018
:104F900001F092FAC1214DF2335001F08DFA002157
:104FA0004FF4564001F088FA37214DF2016001F0CC
:104FB00083FA00214DF2026001F07EFA53214DF296
:104FC000036001F079FA00214DF2046001F074FAF7
:104FD00079214DF2056001F06FFA00214DF2066073
:104FE00001F06AFA97214DF2076001F065FA00219D
:104FF0004DF2086001F060FAB1214DF2096001F054
:105000005BFA00214DF20A6001F056FAD5214DF20B
:105010000B6001F051FA00214DF20C6001F04CFAE6
:10502000F4214DF20D6001F047FA01214DF20E60BE
:1050300001F042FA23214DF20F6001F03DFA012107
:105040004DF2106001F038FA49214DF2116001F083
:1050500033FA01214DF2126001F02EFA87214DF250
:10506000136001F029FA01214DF2146001F024FAD5
:10507000B6214DF2156001F01FFA02214DF21660C3
:1050800001F01AFA00214DF2176001F015FA022121
:105090004DF2186001F010FA3B214DF2196001F059
:1050A0000BFA02214DF21A6001F006FA3D214DF291
:1050B0001B6001F001FA02214DF21C6001F0FCF9C5
:1050C00075214DF21D6001F0F7F902214DF21E60CD
:1050D00001F0F2F9B1214DF21F6001F0EDF902216A
:1050E0004DF2206001F0E8F9D5214DF2216001F088
:1050F000E3F903214DF2226001F0DEF909214DF2BE
:10510000236001F0D9F903214DF2246001F0D4F9B4
:1051100028214DF2256001F0CFF903214DF22660E0
:1051200001F0CAF952214DF2276001F0C5F90321BF
:105130004DF2286001F0C0F96B214DF2296001F0B9
:10514000BBF903214DF22A6001F0B6F98D214DF231
:105150002B6001F0B1F903214DF22C6001F0ACF9A4
:10516000A2214DF22D6001F0A7F903214DF22E602E
:1051700001F0A2F9BB214DF22F6001F09DF903214E
:105180004DF2306001F098F9C1214DF2316001F02B
:1051900093F903214DF2326001F08EF9C1214DF2F5
:1051A000336001F089F955214FF4704001F084F922
:1051B000AA214FF2010001F07FF952214FF20200C3
:1051C00001F07AF908214FF2030001F075F900218E
:1051D0004FF2040001F070F900214FF4304001F06B
:1051E0006BF905214BF2010001F066F902214BF247
:1051F000020001F061F905214BF2030001F05CF9B6
:1052000002214BF2040001F057F908214FF4364017
:1052100001F052F950214FF4354001F04DF90521CC
:105220004FF4364001F048F900214FF4374001F0C7
:1052300043F900214BF2017001F03EF901214FF4D6
:10524000384001F039F905214BF6010001F034F93D
:1052500005214BF6020001F02FF905214BF6030062
:1052600001F02AF902214FF43C4001F025F9002118
:105270004BF6014001F020F900214BF6024001F00D
:105280001BF903214FF44C4001F016F900214CF6B4
:10529000014001F011F900214CF6024001F00CF937
:1052A00001214FF43D4001F007F984214BF60150F4
:1052B00001F002F907214BF6025001F0FDF831210F
:1052C0004BF6035001F0F8F800214BF6045001F0C2
:1052D000F3F801214FF43A4001F0EEF8AA214FF41F
:1052E0007F4001F0E9F855214FF6017001F0E4F834
:1052F00025214FF6027001F0DFF801214FF603700F
:1053000001F0DAF840214FF4585001F0D5F80021AF
:105310004FF4545001F0D0F805214FF4685001F0DB
:10532000CBF84FF4885001F0B1F87820FDF704FA7B
:105330004FF4245001F0AAF80A20FDF7FDF94FF4CC
:10534000305001F0A3F810BD10B5E22001F09EF836
:105350001D2001F08FF8022001F08CF8042001F0EC
:1053600089F86420FDF7F2F9E02001F08FF80120C0
:1053700001F080F80A20FDF7DFF9E02001F086F85F
:10538000032001F077F80C20FDF7D6F9012001F099
:105390007DF80A20FDF7D0F9E62001F077F82F20FC
:1053A00001F068F8FF2001F065F8FF2001F062F8D5
:1053B000B02001F06BF8202001F05CF8002001F033
:1053C00059F8032001F056F840F21F3001F052F86E
:1053D000012001F04FF840F2DF1001F04BF80020FF
:1053E00001F048F8B42001F051F8042001F042F82F
:1053F00040F21F4001F03EF8002001F03BF82E2063
:1054000001F038F8002001F035F8002001F032F802
:10541000002001F02FF8002001F02CF8B62001F058
:1054200035F8022001F026F84FF4037001F022F85D
:10543000002001F01FF8172001F01CF8152001F0E2
:1054400019F8002001F016F8002001F013F8F02000
:1054500001F01CF8032001F00DF8292001F016F8E6
:10546000D02001F013F8002001F004F8BE2001F074
:105470000DF8052000F0FEFFFE2000F0FBFF0120EC
:1054800000F0F8FF002000F0F5FF002000F0F2FF30
:10549000002000F0EFFFB82000F0F8FF032000F03C
:1054A000E9FF012000F0E6FFBA2000F0EFFF012045
:1054B00000F0E0FF10BD10B5112000F0E7FF7820EC
:1054C000FDF73AF9362000F0E1FF002000F0D2FFAE
:1054D0003A2000F0DBFF052000F0CCFFB22000F006
:1054E000D5FF0C2000F0C6FF0C2000F0C3FF002009
:1054F00000F0C0FF332000F0BDFF332000F0BAFF02
:10550000B72000F0C3FF352000F0B4FFBB2000F04F
:10551000BDFF322000F0AEFFC02000F0B7FF0C202E
:1055200000F0A8FFC22000F0B1FF012000F0A2FFB0
:10553000C32000F0ABFF102000F09CFFC42000F05F
:10554000A5FF202000F096FFC62000F09FFF0F204F
:1055500000F090FFD02000F099FFA42000F08AFF17
:10556000A12000F087FFE02000F090FFD02000F0A5
:1055700081FF002000F07EFF022000F07BFF07206B
:1055800000F078FF0A2000F075FF282000F072FF7D
:10559000322000F06FFF442000F06CFF422000F04A
:1055A00069FF062000F066FF0E2000F063FF122066
:1055B00000F060FF142000F05DFF172000F05AFF9C
:1055C000E12000F063FFD02000F054FF002000F045
:1055D00051FF022000F04EFF072000F04BFF0A2091
:1055E00000F048FF282000F045FF312000F042FF86
:1055F000542000F03FFF472000F03CFF0E2000F059
:1056000039FF1C2000F036FF172000F033FF1B206D
:1056100000F030FF1E2000F02DFF2A2000F036FFA2
:10562000002000F027FF002000F024FF002000F001
:1056300021FFEF2000F01EFF2B2000F027FF0020AD
:1056400000F018FF002000F015FF012000F012FF0D
:105650003F2000F00FFF292000F018FF10BD10B50B
:10566000112000F013FF7820FDF766F8362000F0D7
:105670000DFF482000F0FEFE3A2000F007FF552005
:1056800000F0F8FEF02000F001FFC32000F0F2FE71
:10569000F02000F0FBFE962000F0ECFEB42000F0BD
:1056A000F5FE012000F0E6FEB62000F0EFFE0A2035
:1056B00000F0E0FEA22000F0DDFEB72000F0E6FEE4
:1056C000C62000F0D7FEB92000F0E0FE022000F076
:1056D000D1FEE02000F0CEFEC02000F0D7FE8020FA
:1056E00000F0C8FE162000F0C5FEC12000F0CEFE7E
:1056F000192000F0BFFEC22000F0C8FEA72000F075
:10570000B9FEC52000F0C2FE162000F0B3FEE8206E
:1057100000F0BCFE402000F0ADFE8A2000F0AAFEA2
:10572000002000F0A7FE002000F0A4FE292000F0D9
:10573000A1FE192000F09EFEA52000F09BFE332064
:1057400000F098FEE02000F0A1FEF02000F092FEB4
:10575000072000F08FFE0D2000F08CFE042000F0EA
:1057600089FE052000F086FE142000F083FE36201E
:1057700000F080FE542000F07DFE4C2000F07AFE08
:10578000382000F077FE132000F074FE142000F0A3
:1057900071FE2E2000F06EFE342000F06BFEE12042
:1057A00000F074FEF02000F065FE102000F062FEB4
:1057B000142000F05FFE0E2000F05CFE0C2000F0D4
:1057C00059FE082000F056FE352000F053FE44201C
:1057D00000F050FE4C2000F04DFE262000F04AFE66
:1057E000102000F047FE122000F044FE2C2000F0B4
:1057F00041FE322000F03EFEF02000F047FE3C204B
:1058000000F038FEF02000F041FE692000F032FE8A
:105810007820FCF791FF212000F038FE292000F0CD
:1058200035FE10BD2DE9F04F05460E461746984649
:10583000DDF824A04FF0000B781B401C1FFA80FB02
:10584000344613E02146284600F032FC00F02AFEE0
:105850004FF0000906E00749A1F800A009F1010096
:105860001FFA80F9D945F6DB601C84B24445E9DDB6
:10587000BDE8F08F8000006C2DE9F04F07468846A8
:1058800016469A4640F2C32070434FF47A71B0FB3B
:10589000F1F000F1010906FB06F000EB560B34466F
:1058A00071040A0CB91B88B253464146FDF7E4FA6D
:1058B000012535E005FB05F004FB040058451AD925
:1058C0004C4517D96B1E5B041A0C08EB040399B204
:1058D0007B1B5B1C98B25346FDF7CEFA6B1E5B0434
:1058E0001A0CA8EB040399B27B1B5B1C98B25346BD
:1058F000FDF7C2FA641E63041A0C08EB050399B2A3
:105900003B1B98B25346FDF7B7FA63041A0CA8EB99
:10591000050399B23B1B98B25346FDF7ADFA6D1CD7
:105920004D45C7D9BDE8F08F00B595B000BF00BFA9
:1059300000200190F848006840F04000F6490860F7
:105940000846006800F04000019000BF00BF00BFA3
:1059500000BF00BF002001900846006840F008002A
:1059600008600846006800F00800019000BF00BF12
:1059700000BF00BF00BF002001900846006840F053
:10598000080008600846006800F00800019000BFA9
:1059900000BF00BF00BF00BF0020019008460068A4
:1059A00040F0200008600846006800F020000190E8
:1059B00000BF00BF00BF00BF00BF0020019008462D
:1059C000006840F0020008600846006800F002002D
:1059D000019000BF00BF00BF8814109002201190FA
:1059E00001201290022013900C20149010A9CB4893
:1059F000FBF7D0FB2020109010A9C948FBF7CAFB89
:105A00001020109010A9C648FBF7C4FB4FF480503B
:105A1000109010A9C348FBF7BDFB4FF40040109055
:105A20000120119010A9C048FBF7B4FB4FF02040B3
:105A3000BE490860BE484860062088600021BB4817
:105A4000C1601021416100218161C16141624FF457
:105A5000805181620021C1624FF4804101630021C5
:105A6000416381630F20099000200A903C200B9035
:105A700000200F900920029000200390092004903C
:105A80000020089002AA09A9A848FCF7DBF83220F8
:105A9000FCF752FED32000F0F9FC00F0DFF9A54935
:105AA000888000F0DBF9A349888000F0D7F9A1498C
:105AB0008880084680884FF6FF7101EA00209D49E2
:105AC000888000F0CBF99B498988084399498880F0
:105AD0000846808849F2413188427CD0042000F099
:105AE000D5FC00F0BBF99349888000F0B7F99149E3
:105AF000888000F0B3F98F498880084680884FF687
:105B0000FF7101EA00208B49888000F0A7F98949DC
:105B100089880843874988800846808848F252511E
:105B2000884203D147F28970824988808148808801
:105B300047F289718842D0D0D42000F0A7FC00F051
:105B40008DF97C49888000F089F97A49888000F0D5
:105B500085F978498880084680884FF6FF7101EA08
:105B600000207449888000F079F9724989880843D7
:105B7000704988800846808845F210318842ACD050
:105B8000D32000F083FC00F069F96A49888000F0B6
:105B900065F96849888000F061F96649888008469F
:105BA00080884FF6FF7101EA00206249888000F08A
:105BB00055F96049898808435E498880084680888D
:105BC00047F29671884288D055214FF4704000F01A
:105BD00073FCAA2100E07EE04FF2010000F06CFCB3
:105BE00052214FF2020000F067FC08214FF203003F
:105BF00000F062FC01214FF2040000F05DFC4FF464
:105C0000454000F043FC00F029F94A4988800846E5
:105C100080884FF6FF7101EA0020464988804CF2E7
:105C2000015000F033FC00F019F94249898808431B
:105C3000404988800520FCF77FFD3E48808845F27A
:105C40001051884247D0D32000F020FC00F006F924
:105C50003849888000F002F93649888000F0FEF863
:105C600034498880084680884FF6FF7101EA002099
:105C70003049888000F0F2F82E49898808432D4980
:105C800088800846808849F60601884223D0A120F2
:105C900000F0FCFB00F0E2F82649888000F0DEF816
:105CA00024498880084680884FF6FF7101EA002069
:105CB0002049888000F0D2F81E49898808431D4990
:105CC00088800846808845F26171884203D141F698
:105CD0006310184988801748818817A0FAF758FB85
:105CE0001448808847F28971884202D1FFF7E3FBAC
:105CF0004EE01048808849F24131884202D1FDF7D8
:105D00003DF945E00B48808845F21031884219D1B1
:105D1000FDF7EAFB3CE0000030380240001802408A
:105D2000000C02400014024000040240FC1C002051
:105D3000040100A04C1D00204C43442049443A2556
:105D4000780D0A003F48808847F29671884202D158
:105D5000FFF785FC1CE03B48808845F210518842E3
:105D600002D1FEF73AFB13E03648808849F6060177
:105D7000884202D1FDF718FA0AE03248808841F6DD
:105D80006311884204D1FFF7DFFA642000F042FB80
:105D90002C48808847F2897188420AD103200290FA
:105DA000049029490B6B8A68486802A9FBF714F92B
:105DB00038E02448808849F6060188420BD0214803
:105DC000808849F24131884205D01E48808845F2DA
:105DD000105188420AD10220029004901A490B6B9C
:105DE0008A68486802A9FBF7F7F81BE01548808825
:105DF00045F2103188420BD01248808847F29671E4
:105E0000884205D00F48808841F66311884209D145
:105E10000120029004900C490B6B8A68486802A923
:105E2000FBF7DAF80020FCF71BFF00BF0122D103CB
:105E30000648FBF7B9FA00BF4FF6FF70FCF7C6FE45
:105E400015B000BD4C1D0020FC1C002000040240C9
:105E500000BF011EA0F10100FBD1704708B5022070
:105E6000FFF7F6FF024800880090BDF8000008BD6B
:105E70008000006CF0B50546002400278B4880792F
:105E8000012805D18948808841F66311884208D1EC
:105E900086488079F0B98548808841F66311884248
:105EA00018D1082D15D2DFE805F00406080A0C0EFB
:105EB000101206250DE007250BE0042509E0052555
:105EC00007E0012505E0002503E0032501E00225A8
:105ED00000BF00BF082D1CD2DFE805F00406090C46
:105EE0000F12151800BF14E044F0800411E044F0D4
:105EF00040040EE044F0C0040BE044F0200408E04D
:105F000044F0600405E044F0A00402E044F0E00442
:105F100000BF00BF36276548808845F2105188428F
:105F200000D13F026148808849F2413188420BD05C
:105F30005E48808847F28971884205D05B48808836
:105F400047F29671884201D144F008042146384650
:105F500000F0B2FA5548808841F6631188421DD09E
:105F600004F0200068B151480088504949888842AF
:105F700014DA4E48068840884C4908800846468016
:105F80000CE04A48008849494988884206DD47486C
:105F900006884088454908800846468043488088EE
:105FA00045F21051884252D14049488900F06EFABA
:105FB000002000F05FFA3D494989491C88B200F091
:105FC00065FA002000F056FA38494989891C88B2E0
:105FD00000F05CFA35490988491EC1F30F2000F032
:105FE00049FA32494989C91C88B200F04FFA2F4951
:105FF0000978491EC8B200F03DFA2C49888900F0A2
:1060000045FA002000F036FA28498989491C88B2EF
:1060100000F03CFA002000F02DFA24498989891CFF
:1060200088B200F033FA21494988491EC1F30F2094
:1060300000F020FA1D498989C91C88B200F026FAAF
:106040001A498978491EC8B200F014FA2DE01749A0
:10605000488900F01BFA002000F00CFA002000F044
:1060600009FA12490988491EC1F30F2000F002FA0B
:106070000E490978491EC8B200F0FCF90B4988891D
:1060800000F004FA002000F0F5F9002000F0F2F929
:1060900006494988491EC1F30F2000F0EBF9034976
:1060A0008978491EC8B200F0E5F9F0BD4C1D00200A
:1060B00010B502460C464548808841F66311884277
:1060C00047D142488079A8B940480088401E801ACC
:1060D00082B23E49488900F0D9F9002000F0CAF99F
:1060E000002000F0C7F9101200F0C4F9D0B200F09F
:1060F000C1F916E03549488900F0C8F9101200F0DE
:10610000B9F9D0B200F0B6F930490988491EC1F397
:106110000F2000F0AFF92D490978491EC8B200F0F0
:10612000A9F92A49888900F0B1F9201200F0A2F9F2
:10613000E0B200F09FF925494988491EC1F30F20BC
:1061400000F098F921498978491EC8B200F092F907
:106150003AE01E48808845F21051884220D11B4900
:10616000488900F093F9101200F084F91749498921
:10617000491C88B200F08AF9D0B200F07BF91349CB
:10618000888900F083F9201200F074F90F49898999
:10619000491C88B200F07AF9E0B200F06BF913E024
:1061A0000A49488900F072F9101200F063F9D0B280
:1061B00000F060F90549888900F068F9201200F0C4
:1061C00059F9E0B200F056F910BD00004C1D002056
:1061D0002DE9F84F80460F4616469946DDF828A06F
:1061E000F01DC11700EB5171C1F3CF0BB6F5F07F75
:1061F00001DDBDE8F88F002530E000241DE02046D9
:10620000E21704EB5272D21005FB0B221AF802209F
:106210002146E31704EB5373DB10A4EBC30C80237C
:1062200043FA0CF31A4012B14FF6FF7200E000225D
:106230000C4B23F81420601C84B2B442DFDB094805
:106240000090781983B208EB0600401E82B27819DC
:1062500081B24046FCF7D4FC681C85B24D45CCDBCE
:1062600000BFC6E7300000202DE9FC4F80460E46F7
:1062700015461C46B3460020019000902046E317C7
:1062800004EB5373DB1021464FEAE47C04EB5C7CA7
:106290004FEAEC0CA4EBCC0CBCF1000F02D04FF099
:1062A000010C01E04FF0000C6344224604EBD27C69
:1062B0004FEA6C0C03FB0CF3DBB20193A5F1200059
:1062C000C5B20C2C06D0102C0BD0182C0ED0202CC4
:1062D00018D112E005EB45002D4901EB800000903C
:1062E00012E02C4800EB051000900DE005EBC50016
:1062F000294901EB8000009006E0284800EB85105A
:10630000009001E0BDE8FC8F00BF00273AE0009854
:1063100010F807904FF0000A2EE009F0800028B135
:10632000314640460C9AFCF719FE07E00B9828B955
:106330001B48314602684046FCF710FE4FEA4960B0
:106340004FEA1069701C86B216484088B04200DCE3
:10635000D8E7A6EB0B00A0420AD15E4608F1010087
:106360001FFA80F80F480088404500DCCAE706E0C5
:106370000AF1010000F0FF0ABAF1080FCDDB00BFFF
:10638000781CC7B201988742C1DB00BFBAE70000A2
:106390004C6E0008C0720008B07800080C86000837
:1063A0002C0000204C1D00202DE9FC4F04460D461A
:1063B00090469946DDE90C7A0B9E04F0FF0B08EB42
:1063C00004001FFA80F809EB05001FFA80F917E0B6
:1063D000444502DB5C46A81985B24D4500DB15E05B
:1063E0000020CDE9000A3A78334629462046FFF7D7
:1063F0003BFF304606EBD07104EB61018CB27F1C91
:1064000038787E2802DC38782028E1DA00BFBDE841
:10641000FC8F000070B52DED048B0446BE2000F00B
:1064200035F8052000F026F8204600F0E0FB41ECAE
:10643000190B9FED0E0B53EC102B00F0EBFB41EC16
:10644000180B00F0A7FB85B2284600F013F80120D6
:1064500000F010F8FF2000F00DF8002000F00AF81E
:10646000002000F007F8BDEC048B70BD6666666620
:106470006666044001B5BDF800000090BDF800005C
:106480000149088008BD00008000006C01B5BDF81E
:1064900000000090BDF800000149088008BD000020
:1064A0007E00006C024800890249088070470000A5
:1064B0004C1D00207E00006C034A10804FF0D84233
:1064C000A2F88010704700007E00006C00B587B015
:1064D00000BF00BF002001902048006840F020006D
:1064E0001E4908600846006800F02000019000BFC7
:1064F00000BF00BF00BF00BF002001900846006839
:1065000040F0200008600846006800F0200001907C
:1065100000BF00BF00BF4815029001200390049007
:106520000220059002A90E48FAF734FE4FF480606D
:10653000029002A90A48FAF72DFE00BF012251027B
:106540000748FAF731FF00BF00BF0122910204485B
:10655000FAF72AFF00BF07B000BD00003038024044
:1065600000140240FAF73EFF0723022208214FF4ED
:10657000A87000F06FFAA820FCF7D8F84FF4E130CB
:1065800000F0D6FAFFF7A2FFFFF7CEF9FCF7B8FA52
:10659000002028490860FCF719FB0020FCF7FAF8F6
:1065A00025484288018825A0F9F7F2FE41E0FCF772
:1065B000CFFA2648008800F40040002839D023484C
:1065C0000088C0F30D04052C0BDB052220A1224816
:1065D000FAF79AF828B921461F48FCF7CDF9054685
:1065E00014E0082C0DDB08221CA11B48FAF78CF8DC
:1065F00038B911484288018810A0F9F7C9FE012571
:1066000004E02146144800F0A3F8054600200F4995
:106610000880022D06D108484288018812A0F9F7A7
:10662000B7FE06E00DB114A100E015A10846F9F788
:10663000AFFEBCE72C0000204C1D00204044455616
:106640003A25757825750D0A000000001400002019
:1066500040494D473A000000F003002040524551A8
:106660003A4445560000000053495A453A25752CD6
:1066700025750D0A000000004F4B0D0A00000000B8
:106680004552520D0A0000002DE9F04707460E461C
:106690004FF0000A0B2E07DBC82E05DC052225A1D2
:1066A0003846FAF77CF808B1BDE8F087052508E020
:1066B0007819062221A1FAF772F800B904E0681CE3
:1066C00085B2A81DB042F3DD00BFA81DB04200DDB9
:1066D000EAE7681F1FFA80F8002413E0194951F80F
:1066E0002400FAF73DF840450AD1164850F8241026
:1066F0004246781DFAF753F810B904F0FF0A03E098
:10670000601C84B2062CE9D300BFA81D1FFA80F9D3
:106710005046FCF73FF84C4605E0395D0AA0F9F712
:1067200037FE601C84B2B442F7DB08A0F9F730FEF4
:1067300000BFB9E740434D443A0000003B54455880
:10674000543A00001C6E0008256300000D0A00008A
:106750002DE9F34FB9B00D4600200390C82D02DD9E
:106760003BB0BDE8F08F2A4606A83999FAF762F8DF
:10677000002006A94855062D07D10622A4A106A887
:10678000F9F7C2FF08B90220EAE7092D7FD10922F3
:10679000A1A106A8F9F7B8FF002878D1A149088877
:1067A00000EBD0714FEA61089E48408846381FFAD6
:1067B00080F99C4800889B494988884201DA0E206C
:1067C00000E0122004460020009096480088401EF9
:1067D00082B22F2300210846FFF724F804EBD4707F
:1067E000C0F34F024FF6E073494640460194FFF76D
:1067F00043F804EBD470C0F347024FF6E073494608
:1068000040460194FCF7E2FA4FF6E070CDE900044F
:1068100004EBD470A9EB600083B2A9EB040081B251
:1068200042464046FCF744FB4FF6E070CDE90004D9
:1068300004EBD47009EB600081B209EB040083B271
:1068400042464046FCF734FB4FF6E07004EBD4714F
:10685000A8EB61018AB2A8EB0401CDE9000488B27B
:106860004B464946FCF724FB4FF6E07004EBD4712D
:1068700008EB6101CDE9000488B208EB04018AB29B
:106880004B464946FCF714FB012069E7FFE7052D5D
:1068900015D1052264A106A8F9F736FF78B90020C2
:1068A000009060484088401E83B25E480088401EC9
:1068B00082B200210846FEF7B5FF012050E7052D02
:1068C0007ADB05225AA106A8F9F71EFF002873D12A
:1068D00003A804AB05AA58A100901130F9F73EFEB9
:1068E000022802D10398002801DC002038E7039831
:1068F000401D03900398A84209DA4A480088059988
:10690000884204D9474840880499884201D8002029
:1069100026E70398281A87B2402F02DC07F001000F
:1069200008B100201CE707EBD7714910059A02EB6C
:10693000C1023C490988C91D8A4201D900200FE7DC
:1069400000260BE00399314406AA505CFCF7BEF820
:10695000002801DA002003E7701C86B2BE42F1DB9A
:1069600000263BE003993144491C06AA505CFCF721
:10697000ADF804460399314406AA505CFCF7A6F82A
:1069800044EA001002904FF0000A22E0304606EB85
:10699000D0714910059A02EBC10101EB0A0B2148A5
:1069A0000088584511D9802323FA0AF3029C23401A
:1069B0001BB14FF6FF7301E014E000231A46049B5D
:1069C00099B21FFA8BF0FCF7C9FA0AF101001FFA1D
:1069D00080FABAF1080FD9DBB01C86B2BE42C1DB27
:1069E0000120BDE60B2D11DB052216A106A8F9F743
:1069F0008BFE58B915A10DF11D00F9F773FE28B1F2
:106A000029463998FFF740FE0120A9E60020A7E6B5
:106A10004048454C4C4F00004049434F4E3A535577
:106A20004E0000004C1D0020405041474500000032
:106A300040524F573A00000025752C25752C256EC5
:106A40000000000040434D443A0000003B544558CC
:106A5000543A00002DE9F04192B080460C461546AC
:106A60001E460027302106A8F9F729FF142101A8A6
:106A7000F9F725FF00BF002000902A48006840F089
:106A80008050284908600846006800F08050009057
:106A900000BF00BF00BF002000902348006840F402
:106AA0008040214908600846006800F4804000905A
:106AB00000BF00BF012006900004079002200C9048
:106AC00041050D91CDF83C800E941095119606A8C5
:106AD000FAF76AFE07461FB1012012B0BDE8F08147
:106AE0000F20019002200290002003904FF4A0504C
:106AF00004904FF480500590052101A8FAF714FD89
:106B000007460FB10120E8E7FAF754FC41F2010112
:106B1000884205D10548006840F480700349086048
:106B20000020DAE74038024000700040003C02409C
:106B300010B5044609480A49086008464460002127
:106B40008160C160016181610C214161FBF788FABC
:106B5000012204490248FBF723FB10BD001001404D
:106B6000B81C00201600002010B500290AD00878B3
:106B7000002807D005487844FAF7EAF9002801D040
:106B8000002010BD0248784410BD0000CE32000045
:106B9000C63200004FEA1153A3F58063D3F11E0300
:106BA000A8BFD3F1200C08DB4FF0004242EAC1221B
:106BB00052EA505232FA03F0704709420BD4102BBC
:106BC000C4BF0020704703F5787CBCF1FF3F05D0BF
:106BD0004FF0FF3070474FF00000704770B500F085
:106BE000C3F800BF4992248000207047F0E7B0FA54
:106BF00080F310FA03F10AD0C3F11D0303F580639B
:106C00004FEA41504FEA035202EBD12170474FF057
:106C100000007047DFF848C170B51CEA111E1EBFA6
:106C20001CEA13159EEA0C0F95EA0C0F00F06F801A
:106C300081EA030423EA4C134EEAD47E21EA4C1184
:106C400041F4801143F48013AE44A1FB024CA0FB3D
:106C50000365AEF17F7E361955EB0C05A1FB034CA5
:106C60004CF10003A0FB021C16EB0C06654153F12E
:106C70000003094218BF46F0010613F4007F0BD150
:106C80004FEA03314FEA0530340341EA155140EA37
:106C900016506FF003020AE04FEAC3214FEAC52005
:106CA000F40241EA555140EA56506FF0020202EBFD
:106CB0002E4201EB025585EACE710AD05FEA440C00
:106CC00018BF24F0004450F1000041F1000120EA17
:106CD000D47040F2FE7C624500D270BDA84214BF61
:106CE0004FF080444FF04044002E08BF0024BEF116
:106CF000806FA8BFA1F1C041BDE8704080F28280E2
:106D00004FF0000001F1C04101F0004170479EEAE0
:106D10000C0F0CEA131518BF95EA0C0F06D04FF0B4
:106D2000000081EA030E0EF0004170BD00F01CF877
:106D30008900013E00F007B800F009B84FEA430CA3
:106D40005FEA5C5C08D081EA030100F05BB84FEABF
:106D5000410C5FEA5C5CF6D14FF0000001497047DE
:106D60000000FF070000F87F0EF1020E2EF0030E68
:106D70005EF8046B364205D4012A43EB030515F592
:106D8000001F12D8012841EB010C1CF5001F0CD884
:106D90000ED14FEAD17C15F5001F0CEB4C0C0CF119
:106DA000020C08BF4CEBD37C04E04FF0080C01E070
:106DB0004FEAD37C0CEB4C0526FA05F606F00706E5
:106DC000B6F1040C06D20EEB860CBDE870404CF018
:106DD000010C6047DFE80CF0090B02024FF00041A4
:106DE0004FF00000A1F5002170BD194610460128A2
:106DF00051EB010418BFD4F5001484BF002001F04A
:106E0000004170BD0808A0F500114FEA310170473C
:106E10004FF04070E1EE100A70470000FC9D000842
:106E2000F49D0008049E0008149E00081C9E0008A3
:106E30000C9E000800000000000000000102030496
:106E4000060708090000000001020304000000001A
:106E50000000000000000000000000003F400000B3
:106E60000000000000003000400030004000000042
:106E700009000BC03D000BC03D00090018C02440B4
:106E80007FE0224031800000180024C01B000D80EC
:106E90003240018003801C4027401C800740004096
:106EA0001000600000000000000000000000000072
:106EB00000001F80204040200000402020401F8014
:106EC00000000000090006001F8006000900000005
:106ED000040004003F800400040000000010006073
:106EE0000000000000000000040004000400040092
:106EF000040000000000004000000000000000004E
:106F0000002001C006003800400000001F80204023
:106F1000204020401F800000000010403FC0004083
:106F20000000000018C0214022402440184000000A
:106F300010802040244024401B80000002000D00EF
:106F400011003FC0014000003C8024402440244008
:106F5000238000001F802440244034400380000030
:106F60003000200027C03800200000001B80244093
:106F7000244024401B8000001C0022C022402240EC
:106F80001F8000000000000008400000000000001A
:106F90000000000004600000000000000000040089
:106FA0000A00110020804040090009000900090082
:106FB0000900000000004040208011000A00040089
:106FC0001800200023402400180000001F802040EB
:106FD000274029401F400000004007C039000F0033
:106FE00001C0004020403FC0244024401B800000DE
:106FF0001F802040204020403080000020403FC0C3
:10700000204020401F80000020403FC024402E40F0
:1070100030C0000020403FC024402E00300000005F
:107020000F001080204022403380020020403FC0EB
:10703000040004003FC02040204020403FC02040CA
:10704000204000000060202020203FC020002000C1
:1070500020403FC024400B0030C0204020403FC0B3
:1070600020400040004000C03FC03C0003C03C0046
:107070003FC0000020403FC00C4023003FC0200024
:107080001F802040204020401F80000020403FC043
:1070900024402400180000001F802140214020E0EF
:1070A0001FA0000020403FC02440260019C000401F
:1070B00018C024402440224031800000300020408D
:1070C0003FC020403000000020003F8000400040D2
:1070D0003F80200020003E0001C007003800200053
:1070E000380007C03C0007C038000000204039C00D
:1070F000060039C0204000002000384007C038405A
:1071000020000000304021C02640384020C0000050
:10711000000000007FE040204020000000007000E0
:107120000C000380004000000000402040207FE071
:1071300000000000000020004000200000000000CF
:1071400000100010001000100010001000000000DF
:1071500040000000000000000000028005400540E3
:1071600003C0004020003FC00440044003800000F2
:10717000000003800440044006400000000003803B
:10718000044024403FC0004000000380054005400B
:1071900003400000000004401FC0244024402000A1
:1071A000000002E0055005500650042020403FC07A
:1071B0000440040003C000400000044027C0004019
:1071C0000000000000100010041027E00000000084
:1071D00020403FC00140070004C004402040204040
:1071E0003FC000400040000007C0040007C004008A
:1071F00003C00000044007C00440040003C0004076
:10720000000003800440044003800000041007F0E5
:107210000450044003800000000003800440045038
:1072200007F00010044007C0024004000400000002
:10723000000006400540054004C0000000000400B6
:107240001F8004400040000004000780004004400C
:1072500007C000400400070004C0018006000400CD
:10726000060001C0070001C006000000044006C07F
:10727000010006C0044000000410071004E0018073
:10728000060004000000044005C006400440000061
:107290000000000004007BE040200000000000002F
:1072A0000000FFF000000000000040207BE0040030
:1072B000000000004000800040002000200040004E
:1072C00000000000000000000000000000000000BE
:1072D0000000000000001FCC000C000000000000B7
:1072E000000008003000600008003000600000006E
:1072F000022003FC1E20022003FC1E2002200000AE
:1073000000000E1811043FFF10840C7800000000EC
:107310000F0010840F3800C0077818840078000030
:1073200000780F8410C411240E9800E40084000833
:10733000080068007000000000000000000000006D
:1073400000000000000007E01818200440020000C0
:10735000000040022004181807E0000000000000B0
:107360000240024001800FF0018002400240000014
:107370000080008000800FF8008000800080000006
:107380000001000D000E00000000000000000000E1
:10739000000000800080008000800080008000806D
:1073A0000000000C000C00000000000000000000C5
:1073B0000000000600180060018006001800200090
:1073C000000007F0080810041004080807F0000087
:1073D0000000080408041FFC000400040000000072
:1073E00000000E0C10141024104411840E0C000028
:1073F00000000C1810041104110412880C70000015
:10740000000000E00320042408241FFC00240000E6
:1074100000001F98108411041104108810700000DF
:10742000000007F00888110411041888007000009B
:1074300000001C00100010FC13001C0010000000D5
:1074400000000E3811441084108411440E380000DE
:1074500000000700088C10441044088807F0000062
:10746000000000000000030C030C000000000000FE
:107470000000000000010106000000000000000004
:1074800000000080014002200410080810040000E1
:1074900002200220022002200220022002200000FE
:1074A00000001004080804100220014000800000C1
:1074B00000000E001200100C106C10800F00000075
:1074C00003E00C1813E4142417C4082807D00000A4
:1074D0000004003C03C41C40074000E4001C0004FE
:1074E00010041FFC1104110411040E880070000028
:1074F00003E00C1810041004100410081C10000005
:1075000010041FFC100410041004080807F0000009
:1075100010041FFC1104110417C410040818000003
:1075200010041FFC1104110017C010000800000017
:1075300003E00C181004100410441C7800400000F4
:1075400010041FFC10840080008010841FFC1004B5
:107550000000100410041FFC1004100400000000C0
:1075600000030001100110011FFE100010000000B8
:1075700010041FFC110403801464181C1004000084
:1075800010041FFC1004000400040004000C0000A0
:1075900010041FFC1F0000FC1F001FFC1004000053
:1075A00010041FFC0C04030000E010181FFC100066
:1075B00007F00808100410041004080807F0000081
:1075C00010041FFC10841080108010800F00000039
:1075D00007F0081810241024101C080A07F20000F5
:1075E00010041FFC1104110011C011300E0C000416
:1075F00000000E1C11041084108410441C3800007C
:107600001800100010041FFC1004100018000000E7
:1076100010001FF810040004000410041FF81000EC
:1076200010001E0011E0001C007013801C001000F0
:107630001FC0103C00E01F0000E0103C1FC0000015
:107640001004180C163401C001C01634180C1004B4
:1076500010001C00130400FC13041C0010000000A8
:107660000804101C1064108413041C04101800007B
:107670000000000000007FFE4002400240020000C7
:10768000000030000C0003800060001C00030000BC
:1076900000004002400240027FFE000000000000A7
:1076A00000000000200040004000400020000000DA
:1076B00000010001000100010001000100010001C2
:1076C000000040004000200000000000000000001A
:1076D00000000098012401440144014400FC00041E
:1076E00010001FFC008801040104008800700000E5
:1076F00000000070008801040104010400880000FB
:107700000000007000880104010411081FFC00043F
:10771000000000F8014401440144014400C8000095
:107720000000010401040FFC1104110411001800F1
:10773000000000D601290129012901C90106000024
:1077400010041FFC008401000100010400FC00047F
:1077500000000104190419FC0004000400000000EA
:107760000000000300010101190119FE00000000E2
:1077700010041FFC0024004001B4010C01040000AF
:107780000000100410041FFC0004000400000000AE
:10779000010401FC0104010001FC0104010000FCE2
:1077A000010401FC008401000100010400FC00044C
:1077B000000000F8010401040104010400F80000C5
:1077C000010101FF00850104010400880070000030
:1077D00000000070008801040104010501FF0001A0
:1077E0000104010401FC0084010401000180000087
:1077F000000000CC01240124012401240198000090
:1078000000000100010007F801040104000000006D
:10781000010001F8000400040004010801FC000458
:10782000010001800170000C001001600180010066
:1078300001F0010C003001C00030010C01F001002A
:1078400000000104018C00740170018C010400002F
:10785000010101810171000E001801600180010029
:1078600000000184010C013401440184010C00007A
:10787000000000000000000001003EFC4002400249
:107880000000000000000000FFFF000000000000FA
:107890000000400240023EFC010000000000000029
:1078A00000006000800080004000400020002000B8
:1078B00000000000000000000000000000000000C8
:1078C00000000000000000000000000000000000B8
:1078D00000000000000000000000000000000000A8
:1078E0000000000F80380FFE380F803800000000C5
:1078F0000000000000000000000000000000010087
:10790000000600000C0000380000310000060000F6
:107910000C000038000030000000000000000000F3
:1079200061800067F807F980006180006180006174
:10793000800061800067F807F98000618000000026
:1079400000000000000001C0E003E0F00630080481
:1079500018081FFFFE040E080787F00381E00000EF
:107960000000000001F000060C00040408060C7082
:1079700001F9C0000E00003BE000EC180708080405
:107980000C180003E00000000001E00007F003F81D
:1079900018041C0804170807E1D003C0E00023B056
:1079A000003C08002008000010000000000000015A
:1079B00000003100003200001C0000000000000048
:1079C00000000000000000000000000000000000B7
:1079D00000000000000000000000000000000000A7
:1079E0007F0001FFC00780F00C0018100004200089
:1079F000020000000000002000021000040C00182B
:107A00000780F001FFC0007F0000000000000000C0
:107A100000000000000000000000000042000066BE
:107A200000006600003C0000180003FFC0001800C2
:107A3000003C0000660000660000420000000000FC
:107A4000080000080000080000080000080001FF0E
:107A5000C00008000008000008000008000008003E
:107A600000000000000100003100003200001C0096
:107A70000000000000000000000000000000000006
:107A800000000000000000000800000800000800DE
:107A900000080000080000080000080000080000BE
:107AA00008000008000000000000000000000000C6
:107AB000380000380000380000000000000000001E
:107AC00000000000000000000000000000000000B6
:107AD000000600001C000070000180000E0000384D
:107AE0000000C0000700001C000030000000000083
:107AF000000000007F8001FFE00380700600180492
:107B0000000804000806001803807001FFE0007FF1
:107B100080000000000000000000010008010008D3
:107B200001000803FFF807FFF80000080000080044
:107B3000000800000000000000000001C03802C082
:107B400058040098040118040218040418061C18AC
:107B500003F81801E0F80000000000000000000138
:107B6000C0E003C0F0040008040808040808061870
:107B70000803F41801E7F00001E000000000000035
:107B8000000000000300000D000011000061000073
:107B9000810803010807FFF80FFFF8000108000142
:107BA000080000000000000000E007FCD006080804
:107BB000061008061008061008061838060FF0060A
:107BC00007C0000000000000000000003F8001FF2F
:107BD000E003843002081804100804100804100898
:107BE000071810030FF00007C0000000000000009D
:107BF000000003C0000700000600000600F80607AA
:107C0000F806180006E0000700000600000000006B
:107C100000000001E1E003F7F00634100418080446
:107C20001808040C08040C0806161803F3F001C128
:107C3000E000000000000000F80003FC30030638FC
:107C40000402080402080402080404100308F001F6
:107C5000FFC0007F000000000000000000000000E6
:107C6000000000000000000070380070380070381C
:107C70000000000000000000000000000000000004
:107C8000000000000000000000000000301A00307A
:107C90001C000000000000000000000000000000C8
:107CA0000000000000000008000014000022000096
:107CB0004100008080010040020020040010080004
:107CC0000800000000000000210000210000210049
:107CD00000210000210000210000210000210000FF
:107CE000210000210000000000000000000008004A
:107CF00008040010020020010040008080004100C4
:107D00000022000014000008000000000000000332
:107D1000C00004C000040000080038080F3808083C
:107D2000380810000C300007E00003C0000000001D
:107D3000000000003F8000FFE0038070020F10068B
:107D4000708804C088048308047F8802C0900301FF
:107D50002000FE400000080000180001F8003E0866
:107D600001C20007020007E20000FE00001FC80079
:107D700001F800003800000804000807FFF807FFBA
:107D8000F804080804080804080804080806180885
:107D900003F41801E7F00001E0000000000000001B
:107DA0003F8001FFE0038070020018040008040017
:107DB000080400080400100600200780C00000002E
:107DC00004000807FFF807FFF8040008040008048F
:107DD000000804001802001003807001FFE0007F1B
:107DE0008000000004000807FFF807FFF8040808F7
:107DF000040808040808040808043E0804000806EB
:107E0000001801006000000004000807FFF807FFE9
:107E1000F8040808040800040800040800043E00F0
:107E200006000006000001800000000000000000C5
:107E30003F8001FFE0038070060018040008040280
:107E4000080402080203F00783F0000200000200A9
:107E500004000807FFF807FFF804080800080000FE
:107E6000080000080000080004080807FFF807FFE2
:107E7000F8040008000000000000040008040008E6
:107E800004000807FFF807FFF804000804000804CE
:107E900000080000000000000000000000060000D4
:107EA0000700000104000104000104000307FFFEB5
:107EB00007FFFC04000004000004000004000807A1
:107EC000FFF807FFF8040C08001800003E0004C784
:107ED000800503C80600F8040038040018000008F4
:107EE00004000807FFF807FFF80400080000080076
:107EF000000800000800000800000800001800004A
:107F00006000000004000807FFF807800807FC0075
:107F1000007FC00003F80007C00078000780080752
:107F2000FFF807FFF804000804000807FFF807003F
:107F30000803C00000E000003800001E0000070039
:107F40000001C00400F007FFF8040000000000007A
:107F50007F8001FFE0038070060018040008040021
:107F60000806001803003001FFE0007F80000000D9
:107F700004000807FFF807FFF804040804040004DD
:107F80000400040400040400060C0003F80001F0DF
:107F900000000000000000007F8001FFE00380700F
:107FA0000600880400880400C806003C03003E0167
:107FB000FFE6007F8400000004000807FFF807FFC9
:107FC000F8040808040800040C00040F00040BC0A7
:107FD0000610F003F03801E008000008000000017E
:107FE000E0F803F030063010041808041808040CF8
:107FF00008040C080206180207F00781E0000000E0
:1080000001800006000004000004000004000807CE
:10801000FFF807FFF8040008040000040000060051
:108020000001800004000007FFE007FFF0040018D3
:108030000000080000080000080000080000080414
:10804000001007FFE004000004000006000007E045
:108050000007FE00041FE00001F80000380001E006
:10806000043E0007C00006000004000004000007F2
:10807000E00007FFC0041FF80007C007F80007FF73
:1080800080043FF80007C004F80007000004000067
:1080900000000004000806001807C07805F1C800B9
:1080A0003E00001F800463E80780F8060018040003
:1080B0000800000004000006000007800007E00838
:1080C000047C08001FF80007F800180804E00807FF
:1080D0000000060000040000000000010008060087
:1080E000380400F80403E8040F08047C0805F008CD
:1080F00007C008070018040060000000000000002E
:1081000000000000000000000000003FFFFE200013
:1081100002200002200002200002200002000000D5
:1081200000000000000008000007000000C0000080
:1081300038000006000001C000003000000E000002
:1081400001000000000000000000200002200002EA
:108150002000022000022000023FFFFE000000007D
:10816000000000000000000000000000000000000F
:108170000008000010000030000020000030000067
:1081800010000008000000000000000000000100D6
:1081900000010000010000010000010000010000DA
:1081A00001000001000001000001000001000001C9
:1081B000000000000000000000200000200000106F
:1081C000000010000000000000000000000000009F
:1081D000000000000000000000F00019F8001B186B
:1081E000002208002608002408002410003FF800A0
:1081F0001FF800000800001800000004000007FF3E
:10820000F80FFFF0001818001008002008002008E0
:10821000003018001FF0000FC00000000000000038
:1082200007C0001FF00018300020080020080020C0
:1082300008003C08001C1000006000000000000066
:108240000000000007C0001FF000381800200800E0
:10825000200800200804101007FFF80FFFF00000AE
:10826000100000000000000000000007C0001FF028
:1082700000123000221800220800220800320800F4
:108280001E10000E20000000000000002000002052
:108290000800200801FFF803FFF806200804200862
:1082A0000420080720000300000000000000000078
:1082B000000E000E6E001FF30031B10020B100204F
:1082C000B1003191001F13002E1E00200E0030005F
:1082D00000000004000807FFF80FFFF80010080076
:1082E0002000002000002008003FF8001FF80000D8
:1082F0000800000000000000000000200800200826
:10830000002008063FF8063FF800000800000800BB
:108310000008000000000000000000000000000055
:1083200003000003002001002001002003063FFE9F
:10833000063FFC00000000000000000000000004F8
:10834000000807FFF80FFFF8000188000300002F66
:10835000C00038F8002038002008000008000000A5
:1083600000000000000004000804000804000807E2
:10837000FFF80FFFF80000080000080000080000E8
:1083800000000000002008003FF8003FF80010083F
:10839000002000003FF8003FF80010080020000017
:1083A0003FF8003FF8000008000000002008003FF0
:1083B000F8003FF80010080010000020000020081E
:1083C000003FF8001FF80000080000000000000057
:1083D00007C0000FF000183000300800200800200F
:1083E00008003008001830000FF00007C00000003F
:1083F000000000002001003FFF003FFF00101100BF
:108400002009002008002008003038001FF0000F6D
:10841000C00000000000000007C0001FF000381876
:10842000002008002008002009001011001FFF0094
:108430003FFF00000100000000200800200800208D
:1084400008003FF8003FF800080800100800200866
:10845000002000003000003000000000000000009C
:108460000000000C78001E180033080023080021CB
:10847000080021880021980030F0003860000000DA
:1084800000000000200000200000200000FFF0039A
:10849000FFF800200800200800200800003000003D
:1084A00000000000000000002000003FF0007FF806
:1084B000000018000008000008002010003FF8002D
:1084C0007FF00000100000000000000020000030DD
:1084D00000003C00003F800023F0000078000070A6
:1084E000002380003C00003000002000002000003D
:1084F0003C00003FE00023F80000E0002700003EC1
:1085000000003FE00021F80001E0003E00002000F4
:10851000000000002008002008003838003E6800F5
:1085200027800003C8002CF80038380020180020ED
:1085300008000000000000002000003003003C01A3
:10854000003F830023EC000070002380003C00000B
:1085500020000020000000000000000000000038A3
:10856000080020380020F80023E8002F88003E088B
:108570000038080020180000700000000000000013
:1085800000000000000000000000000008000014CF
:10859000001FF7FC30000620000200000000000071
:1085A00000000000000000000000000000000000CB
:1085B0000000FFFFFF0000000000000000000000BE
:1085C0000000000000000000000020000230000653
:1085D0001FF7FC001400000800000000000000006D
:1085E0000000000000000000000000180000600013
:1085F00000400000400000200000100000080000C3
:108600000400000400000C00001000000000000046
:10861000000000000000000000000000000000005A
:10862000000000000000000000000000000000004A
:10863000000000000000000000000000000000003A
:10864000000000000000000000000000000000002A
:10865000000000000000000000000000000000001A
:108660000000000007F000C007FFE1E007F001E0B4
:10867000000000C00000000000000000000000003A
:1086800000000000000000000000000000000000EA
:10869000000000000020000001C000000780000072
:1086A0001F0000001E0000001C20000001C0000090
:1086B000078000001F0000001E0000001C000000DA
:1086C00000000000000000000000000000000000AA
:1086D00000180C0000180C0000180FE0001FFC0030
:1086E00003F80C0000180C0000180C0000180C0017
:1086F00000180C0000180FE0001FFC0003F80C002D
:1087000000180C0000180C00000000000000000021
:108710000000000000000780007807C000FC064051
:10872000010E002003070020020380200FFFFFFC42
:108730000201C0200200E0600130704001F03F8083
:1087400000F01F00000000000000000000FE00001C
:1087500001FF00000301800002008060030181C06E
:1087600001FF070000FE18000000E0000003BF004A
:10877000000CFFC00071806001C100200301806017
:108780000000FFC000003F000000000000001F00CC
:1087900000007FC000FCC0C001FF80600303E02038
:1087A0000202782002061E2003FC074001F003802D
:1087B000000103C000011C600001E0200001002056
:1087C00000010040000001800000000000000000E7
:1087D000002000001C6000001C4000001F80000002
:1087E0000F0000000000000000000000000000007A
:1087F0000000000000000000000000000000000079
:108800000000000000000000000000000000000068
:108810000000000000000000000000000000000058
:1088200000000000000000000007F800003FFF000B
:10883000007807C001C000E0030000300400000819
:10884000080000041000000200000000000000000A
:1088500010000002080000040400000803000030BB
:1088600001C000E0007807C0003FFF000007F800EB
:1088700000000000000000000000000000000000F8
:1088800000000000000000000000000000000000E8
:1088900000000000000C1800000E3800000E380028
:1088A00000063000000360000061438000FFFF808D
:1088B000006143000003600000063000000E380035
:1088C000000E3800000C180000000000000000003E
:1088D0000000000000008000000080000000800018
:1088E000000080000000800000008000007FFF008A
:1088F0000000800000008000000080000000800078
:108900000000800000008000000000000000000067
:1089100000000001000000E3000000E2000000FC95
:1089200000000078000000000000000000000000CF
:108930000000000000000000000000000000000037
:108940000000000000000000000000000000000027
:108950000000800000008000000080000000800017
:108960000000800000008000000080000000800007
:1089700000008000000080000000800000008000F7
:1089800000008000000080000000000000000000E7
:1089900000000000000000C0000001E0000001E055
:1089A000000000C000000000000000000000000007
:1089B00000000000000000000000000000000000B7
:1089C00000000000000000000000000000000000A7
:1089D0000000000C00000038000000E000000380F0
:1089E00000000E00000038000000E00000038000DE
:1089F000000E00000038000000E0000003800000CE
:108A00000E00000018000000000000000000000040
:108A100000000000000FF800007FFF0000F007805A
:108A2000018000C00300006002000020020000205E
:108A30000200002003000060018000C000E003800D
:108A4000007FFF00000FF8000000000000000000A1
:108A500000000000000000000080002000800020D6
:108A6000008000200080006001FFFFE003FFFFE0C6
:108A70000000006000000020000000200000002036
:108A800000000000000000000000000000000000E6
:108A900000000000007800E0009801600100026022
:108AA0000200046002000860020010600200206002
:108AB00002004060030080600183006001FE00E06E
:108AC000007C0780000000000000000000000000A3
:108AD0000000000000F0078001F007C00100004026
:108AE00002000020020100200201002002010020FB
:108AF000030380200186804001FCC0C000787F8095
:108B000000001E0000000000000000000000000047
:108B10000000080000003800000048000001880044
:108B200000060800000C0810003008100040081073
:108B300001FFFFF003FFFFF003FFFFF0000008104C
:108B400000000810000008100000000000000000F5
:108B50000000000000000780001F864003E10020A5
:108B6000030200200304002003040020030400206B
:108B70000304002003060040030301C00301FF803B
:108B800003007E0000000000000000000000000064
:108B9000000000000007FC00003FFF000070C380E1
:108BA000008180C001010060030200200202002059
:108BB00002020020020200200203004001C180C026
:108BC00000C0FF8000007E000000000000000000E8
:108BD0000000000000F0000003C00000038000005F
:108BE00003000000030007E003003FE00301C000B2
:108BF000030600000318000003600000038000006B
:108C00000300000000000000000000000000000061
:108C100000001F0000783F8000FC60C0018EC04053
:108C2000030780200203002002018020020180202F
:108C30000201C0200301E040018670C000FC3F80BB
:108C400000781F000000000000000000000000008D
:108C5000003F000000FF81C001C0C1C001006020D2
:108C600002002020020020200200202002002060BC
:108C7000020040C00100C18000C18F00007FFE00E3
:108C8000001FF000000000000000000000000000D5
:108C900000000000000000000000000000000000D4
:108CA00000000000000300C0000781E0000781E031
:108CB000000300C0000000000000000000000000F1
:108CC00000000000000000000000000000000000A4
:108CD0000000000000000000000000000000000094
:108CE000000000000006006600060078000000009A
:108CF0000000000000000000000000000000000074
:108D00000000000000000000000000000000000063
:108D100000000000000080000001C00000036000AF
:108D200000063000000C180000180C00003006008F
:108D30000060030000C0018001000040020000202C
:108D4000040000100000000000000000000000000F
:108D500000041000000410000004100000041000C3
:108D600000041000000410000004100000041000B3
:108D700000041000000410000004100000041000A3
:108D800000041000000410000000000000000000BB
:108D9000000000000400001002000020010000405C
:108DA00000C00180006003000030060000180C00C5
:108DB000000C180000063000000360000001C00035
:108DC0000000800000000000000000000000000023
:108DD000000000000078000001F8000002380000E8
:108DE00002000000040000C0040079E0040081E0FB
:108DF000040100C00403000002020000030600009A
:108E000001FC000000F8000000000000000000006D
:108E1000000FF800003FFE000070078000C000C097
:108E20000101F8400307FC20021E04200230082044
:108E300002203020023FFC20013F044001800CC092
:108E400000E03180001FC200000000000000002090
:108E500000000060000003E000003E200003E0206E
:108E6000003E200003E020000380200007FC2000DB
:108E7000003FE0000003FE2000003FE0000001E0B2
:108E800000000020000000200000000000000000A2
:108E9000020000200200002003FFFFE003FFFFE0CC
:108EA0000201002002010020020100200201002036
:108EB00002010020030300200186806001FCC0C085
:108EC00000F87F8000001F0000000000000000008C
:108ED0000007F800003FFF000070078000C000C0DE
:108EE00001000040030000200200002002000020DA
:108EF000020000200200002001000040018000C0AC
:108F000003C00180003006000000000000000000E7
:108F1000020000200200002003FFFFE003FFFFE04B
:108F200002000020020000200200002002000020B9
:108F30000300006001000040018000C000F00780D5
:108F4000007FFE00000FF80000000000000000009D
:108F5000020000200200002003FFFFE003FFFFE00B
:108F60000201002002010020020100200201002075
:108F70000201002002038020020FE02003000060B5
:108F800003C000E0006003000000000000000000DB
:108F9000020000200200002003FFFFE003FFFFE0CB
:108FA0000201002002010020020100000201000075
:108FB000020100000201000002038000030FE00034
:108FC0000300000003C0000000600000000000007B
:108FD0000007F800003FFE000070078001C001C0DC
:108FE00001000040030000200200002002000020D9
:108FF00002000020010020200100204003C03F802B
:1090000000303F800000200000002000020000200F
:109010000200002003FFFFE003FFFFE002008020CA
:10902000020080200000800000008000000080001E
:10903000020080200200802003FFFFE003FFFFE02A
:1090400002000020020000200000000000000000DC
:1090500000000000000000000200002002000020CC
:10906000020000200200002003FFFFE003FFFFE0FA
:109070000200002002000020020000200200002068
:1090800000000000000000000000000000000000E0
:109090000000000E0000000F0000000F00000001A3
:1090A00002000001020000010200000302000006AD
:1090B00003FFFFFC03FFFFF80200000002000000B6
:1090C000020000000200000000000000000000009C
:1090D000020000200200002003FFFFE003FFFFE08A
:1090E0000200C0200201002000078000000FE00005
:1090F0000030F80002603E2003800F20030003E0F0
:10910000020000E00200002000000020000000003B
:10911000020000200200002003FFFFE003FFFFE049
:1091200002000020020000200000002000000020BB
:10913000000000200000002000000020000000606F
:10914000000000E00000030000000000020000201A
:109150000200002003FFFFE003E0002003FF0020E7
:10916000001FF0000001FF8000000FE000001E0063
:109170000003E000003E002003E0002003FFFFE0CA
:1091800003FFFFE002000020020000200200002098
:109190000200002003FFFFE00380002003F0002016
:1091A00000FC0000001F00000007C0000001F000EC
:1091B00000007C0002001F80020007E003FFFFE0C8
:1091C000020000000200000000000000000000009B
:1091D000000FF800003FFE0000F00780018000C093
:1091E00001000040020000200200002002000020D8
:1091F0000200002001000040018000C000F0038058
:10920000003FFE00000FF80000000000000000001A
:10921000020000200200002003FFFFE003FFFFE048
:1092200002008020020080200200800002008000F6
:109230000200800002008000030180000183000022
:1092400000FE0000007C00000000000000000000A4
:10925000000FF800007FFF0000F00380018001C0D4
:109260000100064002000420020004200200062043
:10927000020003E0010000F80180005C00E0038CC4
:10928000003FFF0C000FFC18000000000000000071
:10929000020000200200002003FFFFE003FFFFE0C8
:1092A0000201002002010020020180000201E00012
:1092B0000201FC0003033F80018607E001FC00E09F
:1092C00000F8002000000020000000000000000066
:1092D000000000000078060000FE01E0018600C0EA
:1092E00003030040020300200201802002018020CD
:1092F0000201C0200200C0200100E060018070C0B7
:1093000003E03F8000001F0000000000000000009C
:109310000060000003800000030000000200000065
:10932000020000200200002003FFFFE003FFFFE037
:1093300002000020020000200200000002000000E5
:109340000380000000E000000000000002000000B8
:109350000200000003FFFF0003FFFFC00200004007
:10936000020000600000002000000020000000203B
:1093700000000020020000400200008003FFFF0008
:1093800002000000020000000000000000000000D9
:10939000020000000200000003C0000003FC000007
:1093A000023FC0000003F80000007F80000007E0DB
:1093B00000000780000078000203C000023C0000AB
:1093C00003C00000020000000200000002000000D4
:1093D00003C0000003FF8000023FFE0002007FE0A8
:1093E00000000F000200F00003EF000003FF800008
:1093F000020FFE0000003FE000001F000207E00037
:1094000003F800000300000002000000000000005C
:109410000200002002000020038000E003F003208F
:1094200002FC0C20021F30000007C0000007F00003
:1094300002187C0002601F20038003E0020000E0AD
:1094400002000020000000200000000000000000DA
:10945000020000000300000003C0000003F8000049
:10946000023E0020020FC0200001FFE000007FE06C
:1094700000038020021C0020027000000380000016
:1094800002000000020000000000000000000000D8
:1094900000000020006000E0038003E003000FA054
:1094A00002003E200200F8200203E020020F80208C
:1094B000023E00200278002003E00060038000E00C
:1094C0000200030000000000000000000000000097
:1094D000000000000000000000000000000000008C
:1094E000000000001FFFFFFC10000004100000043B
:1094F000100000041000000410000004100000041C
:109500001000000400000000000000000000000047
:1095100000000000000000000700000003C0000081
:1095200000780000001E00000003C0000000F000F2
:1095300000001E0000000780000000F00000003C5A
:109540000000000600000000000000000000000015
:1095500000000000100000041000000410000004CF
:1095600010000004100000041000000410000004AB
:109570001FFFFFFC000000000000000000000000D2
:1095800000000000000000000000000000000000DB
:1095900000000000000000000000000002000000C9
:1095A0000400000008000000180000001000000087
:1095B0001800000018000000040000000200000075
:1095C000000000000000000000000000000000019A
:1095D0000000000100000001000000010000000187
:1095E0000000000100000001000000010000000177
:1095F0000000000100000001000000010000000167
:109600000000000100000001000000010000000057
:10961000000000000000000010000000100000002A
:109620001000000018000000080000000400000006
:10963000000000000000000000000000000000002A
:10964000000000000000000000000000000000001A
:109650000000038000018FC000038C60000618200A
:1096600000041020000410200004202000042040EA
:10967000000620400003FFC00001FFE000000020C2
:1096800000000020000000C00000000000000000FA
:10969000020000000200000003FFFFE007FFFFC020
:1096A000000180C0000200600002002000040020D1
:1096B000000400200004002000060040000300C059
:1096C0000001FF800000FE0000000000000000001C
:1096D0000000000000007E000001FF80000381C048
:1096E00000020040000600200004002000040020CA
:1096F00000040020000600200003C0400001C080DC
:109700000000030000000000000000000000000056
:109710000000000000007E000001FF80000380C008
:109720000006006000040020000400200004002067
:10973000020400400202008003FFFFE007FFFFC0B9
:109740000000004000000040000000000000000099
:109750000000000000007E000001FF80000311C037
:1097600000021040000410600004102000041020CB
:109770000004102000061020000310400001F0C07B
:109780000000710000000000000000000000000068
:10979000000000000004000000040020000400207D
:1097A00000040020007FFFE001FFFFE00104002033
:1097B0000304002002040020020400200204000030
:1097C0000200000001C0000001C000000000000015
:1097D000000000000000001C0000E33E0003FFC288
:1097E00000020CC3000404C1000404C1000404C14D
:1097F000000404C100060CC10003F8C30005F062B8
:109800000006007E0006003C000000000000000092
:10981000020000200200002003FFFFE007FFFFE03E
:1098200000010020000200200006000000040000EB
:109830000004000000040020000600200003FFE0F8
:109840000001FFE0000000200000002000000000F8
:1098500000000000000000000004002000040020C0
:1098600000040020000400200387FFE0038FFFE0D6
:1098700003800020000000200000002000000020E5
:1098800000000000000000000000000000000000D8
:1098900000000000000000000000000600000007BB
:1098A00000000001000000010004000100040001AC
:1098B00000040003000400060387FFFC038FFFF889
:1098C0000380000000000000000000000000000015
:1098D000020000200200002003FFFFE007FFFFE07E
:1098E0000000082000001020000030000000FC00F4
:1098F00000058E00000707A0000601E0000400E05C
:109900000004002000000020000000000000000013
:109910000000000000000000020000200200002003
:10992000020000200200002003FFFFE007FFFFE02D
:1099300000000020000000200000002000000020A7
:109940000000000000000000000000000000000017
:10995000000400200007FFE0000FFFE000020020ED
:1099600000040000000400200007FFE00003FFE007
:109970000002002000040000000400200007FFE0B7
:109980000003FFE0000000200000000000000000D5
:1099900000040020000400200007FFE0000FFFE0AB
:1099A000000100200002002000020000000400006E
:1099B0000004000000040020000600200003FFE077
:1099C0000001FFE000000020000000200000000077
:1099D0000000000000007E000000FF80000381C046
:1099E00000020040000600200004002000040020C7
:1099F000000400200006002000020040000381C097
:109A00000001FF8000007E00000000000000000058
:109A100000040001000400010007FFFF000FFFFF2A
:109A2000000100C1000200410004002000040020E9
:109A3000000400200004002000060040000301C0D4
:109A40000001FF8000007E00000000000000000018
:109A50000000000000007E000001FF80000380C0C5
:109A60000002006000040020000400200004002028
:109A70000004002000020041000300C10003FFFFBA
:109A80000007FFFF000000010000000100000000CF
:109A90000004002000040020000400200004002036
:109AA000000FFFE0000FFFE00000C02000010020D9
:109AB0000002002000060020000400000004000056
:109AC000000700000003000000000000000000008C
:109AD00000000000000003E00001C0E00003E040DF
:109AE0000006302000043020000418200004182054
:109AF0000004182000040C2000020C60000307C0C2
:109B0000000783800000000000000000000000004B
:109B10000000000000040000000400000004000039
:109B2000000C0000001FFF8000FFFFC00004006069
:109B30000004002000040020000400200004004075
:109B40000000018000000000000000000000000094
:109B500000040000000400000007FF80000FFFC0A9
:109B60000000006000000020000000200000002035
:109B70000000002000040040000400800007FFE017
:109B8000000FFFC000000040000000400000000087
:109B90000004000000040000000780000007F0003F
:109BA0000004FE0000041FC0000003E0000003806A
:109BB00000001C0000046000000780000006000098
:109BC000000400000000000000000000000400008D
:109BD000000600000007C0000007FC0000043F80F2
:109BE000000003E000040F800006F0000007F00012
:109BF0000007FF8000040FE00000038000043C0029
:109C00000007C00000060000000400000000000083
:109C1000000000200004002000040060000700E0B5
:109C2000000783200007E6000004F80000003C0065
:109C300000045E20000587A0000601E0000400602B
:109C400000040020000000200000000000000000D0
:109C50000004000000040003000700030007E00107
:109C60000004F80100041F02000007FC000000E0EF
:109C700000000700000438000007C00000060000D4
:109C800000040000000400000000000000000000CC
:109C90000000000000078060000600E0000403E010
:109CA000000407A000040E2000043C2000047020E3
:109CB0000005E0200007802000070060000400E0AD
:109CC0000000038000000000000000000000000011
:109CD0000000000000000000000000000000000084
:109CE0000000000000000000000080000000800074
:109CF0000001400007FE3FF80800000410000002C9
:109D00001000000200000000000000000000000041
:109D10000000000000000000000000000000000043
:109D2000000000000000000000000000FFFFFFFF37
:109D30000000000000000000000000000000000023
:109D40000000000000000000000000000000000013
:109D500000000000100000021000000208000004D3
:109D600007FE3FF800014000000080000000800076
:109D700000000000000000000000000000000000E3
:109D800000000000000000000000000000000000D3
:109D900018000000300000004000000040000000FB
:109DA000400000002000000030000000080000001B
:109DB0000400000002000000020000000200000099
:109DC0000C000000180000000000000030313233A9
:109DD00034353637383941424344454640305800DF
:109DE0003031323334353637383961626364656611
:109DF00040307800464F5257415244004E4F4E4536
:109E0000000000004241434B0000000053544F50FB
:109E1000000000004C4546540000000052494748ED
:109E200054000000549F0008000000203000000093
:109E3000C4010008849F0008300000209021000029
:109E4000E00100081001000043000000F8FFFFFFE0
:109E5000004040404040404040404141414141403D
:109E600040404040404040404040404040404040F2
:109E70004005020202020202020202020202020281
:109E80000220202020202020202020020202020286
:109E900002029090909090901010101010101010DE
:109EA00010101010101010101010101002020202EA
:109EB000020288888888888808080808080808082E
:109EC000080808080808080808080808020202022A
:109ED0004000000000000000000000000000000042
:109EE0000000000000000000000000000000000072
:109EF0000000000000000000000000000000000062
:109F00000000000000000000000000000000000051
:109F10000000000000000000000000000000000041
:109F20000000000000000000000000000000000031
:109F30000000000000000000000000000000000021
:109F40000000000000000000000000000000000011
:109F50000000000000000000000000000024F400E9
:109F600000000000000000000000000000000000F1
:109F700000000000100000000100000000F80000D8
:049F8000FFFF0000DF
:040000050800018965
:00000001FF
